elapsed_sec,step,jet_velocity_mean,jet_velocity_max,enstrophy,enstrophy_drift,tau_im_min,rho_mean,wec_margin,div_u,speedup_vs_wrf,simulated_days,spot_l4_cost_usd,spot_tpu_cost_usd,ondemand_cost_usd,hpc_cluster_cost_usd,residual_norm
1.0,292,22.535169253774683,49.229902544638236,1.134608636592406,0.005819376479819421,0.9303462488845066,0.9551967576965406,1.097782940905912,1.1149904143072331,1520.0,7.3,5.56337833404541e-05,0.00010014081001281737,0.00019471824169158932,0.005146124958992004,0.004946590007846508
2.0,567,20.658433225973155,43.35737271523176,1.1284376501193782,0.011226593542713369,0.9306427426347721,0.9549254202175594,1.1202795144377855,0.889646994895466,1520.0,14.175,0.00011131607161627875,0.00020036892890930175,0.0003896062506569756,0.010296736624505785,0.009542724511306363
3.01,829,19.16419271735784,38.93291919273884,1.1226328063432585,0.0163129845842203,0.9309032728994402,0.9546871225010782,1.1092243636679298,0.7336808679105107,1520.0,20.725,0.00016709155506557888,0.000300764799118042,0.000584820442729526,0.015455968843566046,0.013866156896587253
4.01,1091,17.889169496620593,35.32797861581216,1.1168995457684305,0.021336652119666455,0.9311457297733916,0.954465463039981,1.0830575051964981,0.616790230767982,1520.0,27.275,0.00022265463405185277,0.000400778341293335,0.0007792912191814847,0.020595553649796382,0.018136274301716486
5.01,1334,16.861627777345916,32.53407885002937,1.111645162258783,0.02594071215002568,0.9313566803185085,0.9542726913604181,1.0689401410686228,0.5341553014408618,1520.0,33.35,0.0002782684299680922,0.0005008831739425659,0.0009739395048883225,0.025739829772048525,0.02204972532752183
6.01,1576,15.958500520534038,30.158853818856564,1.1064719522458357,0.030473645348665198,0.9315551100152841,0.9540914328263421,1.0839520261308004,0.4692554654415919,1520.0,39.4,0.00033391639921400286,0.000601049518585205,0.0011687073972490097,0.03088726692729526,0.025902718546365416
7.01,1832,15.11079793815422,27.9966941881479,1.1010632919855912,0.035212887635845534,0.9317538248421393,0.953909983057214,1.1139918375449198,0.41525074807079454,1520.0,45.8,0.00038965169588724776,0.0007013730525970459,0.0013637809356053668,0.03604278186957041,0.029931074490468702
8.01,2093,14.34135282330585,26.089764003931627,1.0956156322119592,0.03998630255250002,0.9319458859025876,0.9537346747445689,1.1125916412086887,0.37191482591035774,1520.0,52.325,0.0004452726973427667,0.0008014908552169799,0.001558454440699683,0.041187724504205915,0.03398847716962501
9.02,2324,13.727696200431687,24.60642408088823,1.0908495158809313,0.04416252715800098,0.9321079133459816,0.953586830599052,1.0743952527636156,0.3409154402562564,1520.0,58.1,0.0005008760293324789,0.0009015768527984618,0.0017530661026636757,0.04633103271325429,0.03753826808430083
10.02,2579,13.1128675501698,23.15329195967787,1.0856477952498231,0.048720442278358596,0.9322789418419953,0.9534308232031377,1.0685874685015968,0.31270642618191924,1520.0,64.475,0.0005566288100348579,0.001001931858062744,0.0019482008351220023,0.05148816492822435,0.0414124959366048
11.02,2845,12.53165763999934,21.809774950883202,1.0802874129867694,0.05341738182977475,0.9324494003845336,0.9532753866529352,1.0786169762908813,0.2883600433431055,1520.0,71.125,0.0006122162342071533,0.001101989221572876,0.0021427568197250365,0.05663000166416168,0.045404894555308536
12.02,3092,12.039431406587465,20.694710994385183,1.0753691844311781,0.057726892064685,0.9326010708323358,0.9531371252040646,1.1111224767429067,0.2693390454834368,1520.0,77.3,0.0006678368515438504,0.0012021063327789306,0.002337428980403476,0.06177490876780616,0.04906797825498225
13.02,3361,11.548481462231651,19.603204802791982,1.070076913355201,0.06236415040069996,0.9327596380154034,0.9529926197701399,1.1188487348376308,0.25165624429858346,1520.0,84.025,0.0007235217491785685,0.0013023391485214233,0.00253232612212499,0.06692576179901759,0.05300964784059496
14.02,3644,11.076232211616247,18.572651868202186,1.0645802286548505,0.06718052253682315,0.9329196461557977,0.9528468457187461,1.1001648195912668,0.23576994905086823,1520.0,91.1,0.000779101120101081,0.0014023820161819457,0.002726853920353783,0.07206685360934999,0.05710356415629967
15.02,3907,10.672937310985848,17.707550646662263,1.0595363358753802,0.07160014381127683,0.9330626017366869,0.9527166450959091,1.077182840648582,0.22299047158766783,1520.0,97.675,0.0008346598810619779,0.00150238778591156,0.002921309583716922,0.07720603899823295,0.060860242239585305
16.03,4116,10.374150397528242,17.07549739653187,1.055571670343583,0.0750741114185472,0.9331725494887542,0.9526165315211513,1.0734356545353476,0.21395833741611248,1520.0,102.9,0.0008903558519151476,0.0016026405334472655,0.0031162454817030166,0.08235791630215115,0.06381311470576512
17.03,4333,10.08225384903025,16.46529292267005,1.0514956001972648,0.07864569533646006,0.9332835020813912,0.9525155243804776,1.1201843581196143,0.20546556923323833,1520.0,108.325,0.0009461092684004042,0.0017029966831207275,0.0033113824394014144,0.08751510732703739,0.06684896103599106
18.03,4600,9.746274356864909,15.771815383819458,1.0465360556768237,0.08299140795020912,0.9334158220582073,0.9523950932560247,1.1074090639496035,0.19607600205707443,1520.0,115.0,0.0010018108553356594,0.0018032595396041868,0.003506337993674808,0.0926675041185485,0.07054281675767776
19.03,4844,9.459432347947587,15.18726972641556,1.042056792167386,0.08691628287633199,0.9335329511184716,0.9522885136460395,1.0749530331062152,0.18836221980905332,1520.0,121.1,0.0010574641757541232,0.0019034355163574216,0.003701124615139431,0.0978154362572564,0.0738789604448822
20.04,5104,9.172908386820819,14.610269505793998,1.0373387977679376,0.09105034149578296,0.9336540338306295,0.952178361632257,1.0667169289981293,0.18093898042837808,1520.0,127.6,0.0011131047010421754,0.0020035884618759157,0.0038958664536476134,0.10296218484640123,0.07739291027141552
21.04,5297,8.971871124645066,14.20953388268267,1.0338728271572917,0.09408733655439931,0.933741569740729,0.9520987439164273,1.1065150609251198,0.1758760835732598,1520.0,132.425,0.0011688220898310345,0.0021038797616958617,0.00409087731440862,0.10811604330937068,0.07997435607123941
22.04,5546,8.725925848977543,13.723890931219406,1.029446225457892,0.0979660675067758,0.9338517172957681,0.9519985789046597,1.1090745914402986,0.16983654019927696,1520.0,138.65,0.0012244085338380603,0.002203935360908508,0.00428542986843321,0.11325778938002057,0.08327127738075944
23.04,5814,8.476713118105852,13.236969207855935,1.0247378338005544,0.10209171189436626,0.933966951615953,0.95189381076501,1.0846123801515395,0.16390945672356305,1520.0,145.35,0.001280021561516656,0.0023040388107299806,0.004480075465308295,0.11840199444029066,0.08677807511021132
24.04,6080,8.243844219119234,12.786687051623336,1.0201211699544168,0.10613698142000708,0.934078122241553,0.9517927591577593,1.0693647725686437,0.1585188083015754,1520.0,152.0,0.0013357535865571764,0.0024043564558029174,0.004675137552950117,0.12355720675653882,0.09021655420700601
25.04,6351,8.020130584097412,12.358391204056344,1.015474872632363,0.11020821675148904,0.9341882903413931,0.9516926400569244,1.0665794824482693,0.1534689765971815,1520.0,158.775,0.001391327804989285,0.0025043900489807127,0.004869647317462497,0.12869782196150886,0.09367710423876568
26.05,6585,7.837047652854897,12.011006948543946,1.0115087057791174,0.11368349986495724,0.9342810415234953,0.9516083655707726,1.089016820121905,0.14943175567894773,1520.0,164.625,0.0014469514820310806,0.0026045126676559447,0.005064330187108781,0.13384301208787494,0.09663109488521365
27.05,6829,7.655323997785956,11.66898517702793,1.0074176106818067,0.11726824912875637,0.9343755312710699,0.9515225268064464,1.125165018997421,0.14550443178457817,1520.0,170.725,0.0015026090939839682,0.0027046963691711424,0.005259131828943888,0.13899134119351705,0.09967813175944291
28.05,7075,7.480909180964346,11.343329456919914,1.0033384466542825,0.12084254400500975,0.9344686060282937,0.9514379886716647,1.0860603207285628,0.14180713356987207,1520.0,176.875,0.0015583393441306222,0.0028050108194351193,0.005454187704457177,0.14414638933208254,0.1027162824042583
29.05,7326,7.311392557500007,11.029271588261734,0.9992228026154641,0.1244488038418714,0.9345614148935462,0.9513537070468931,1.0673409806870178,0.13827779916591787,1520.0,183.15,0.0016139060258865358,0.0029050308465957643,0.005648671090602874,0.14928630739450455,0.10578160326559069
30.05,7555,7.163655989370707,10.757538495390092,0.9955082741009444,0.12770359333980763,0.934644274773959,0.9512784729554322,1.0772919136579213,0.13524590887449173,1520.0,188.875,0.0016694887479146324,0.0030050797462463376,0.005843210617701212,0.15442770918210347,0.10854817433883648
31.05,7784,7.022085691611691,10.498873737312474,0.9918317894843294,0.13092504754932793,0.9347254789132634,0.9512047538052595,1.1218368403317456,0.13240018577296286,1520.0,194.6,0.0017251634862687855,0.0031052942752838133,0.006038072201940748,0.15957762247986265,0.11128641041692874
32.06,8049,6.865448627687519,10.214652095378714,0.9876242155322974,0.13461185933643155,0.934817471680007,0.9511212543167051,1.102147920083756,0.12929662375812745,1520.0,201.225,0.0017808519469367135,0.003205533504486084,0.0062329818142784965,0.16472880509164597,0.11442020043596682
33.06,8321,6.712148785102463,9.938494590550384,0.9833570840497872,0.138350857349584,0.9349097872372807,0.95103747662339,1.0810883207844013,0.12630184549312617,1520.0,208.025,0.0018365654548009238,0.0033058178186416627,0.006427979091803233,0.16988230456908546,0.11759834874714639
34.06,8599,6.562739546198669,9.671260976365947,0.9790490416005886,0.14212570286914464,0.9350020357668386,0.9509537745484987,1.0696123799650907,0.12344131606164155,1520.0,214.975,0.001892295546001858,0.0034061319828033445,0.006623034411006503,0.17503733800517188,0.12080696743877295
35.06,8852,6.432721705724074,9.440252074822633,0.9751745029268859,0.14552069842112947,0.9350842230332848,0.9508792140516631,1.066975800065671,0.12099616945437519,1520.0,221.3,0.0019480317566129897,0.0035064571619033815,0.006818111148145464,0.18019293748670154,0.12369271365796006
36.07,9128,6.2969249044155235,9.200509573657083,0.9709971047440416,0.14918106922756483,0.9351720471874531,0.9507995527196241,1.076047652901193,0.11846109483685574,1520.0,228.2,0.0020036142534679835,0.00360650565624237,0.007012649887137941,0.18533431844578846,0.1268040288434301
37.07,9389,6.173937404028612,8.984736512453539,0.9670934671026117,0.15260156223210358,0.9352534109403283,0.9507257632754074,1.1005099864344539,0.1162185619327274,1520.0,234.725,0.0020592177046669857,0.0037065918684005736,0.007207261966334449,0.19047763768169615,0.12971144789728803
38.07,9654,6.054122507233734,8.775770787865794,0.9631758130320435,0.15603433688320387,0.9353344133915634,0.9506523129120912,1.122646681655216,0.11404320042442695,1520.0,241.35,0.0021149562067455715,0.0038069211721420285,0.007402346723609499,0.19563344912396535,0.13262930635072329
39.07,9915,5.940794416991238,8.579248101495857,0.9593617799056939,0.15937631552622647,0.9354126724980344,0.9505813609373727,1.0912201935855834,0.11201195233373784,1520.0,247.875,0.002170514225959778,0.0039069256067276,0.007596799790859221,0.20077256590127945,0.1354699881972925
40.07,10145,5.844554479892366,8.41322202199123,0.9560368566377866,0.16228972036119457,0.9354804326847236,0.9505199361702419,1.0655451894761885,0.11030532627100653,1520.0,253.625,0.002226182871394687,0.004007129168510436,0.007791640049881404,0.20592191560400855,0.13794638230701536
41.07,10383,5.748351094210594,8.248053621583297,0.9526314300406622,0.1652736648055533,0.9355494047439595,0.9504574210165493,1.0762253530902863,0.10861411743395144,1520.0,259.575,0.0022819197310341727,0.004107455515861511,0.007986719058619604,0.21107757512066097,0.1404827350847203
42.08,10645,5.646214750958055,8.073570331385394,0.9489233984754697,0.1685227614672773,0.9356240324027096,0.9503897890113117,1.100506343155324,0.10683336862428816,1520.0,266.125,0.0023376306030485363,0.004207735085487365,0.008181707110669878,0.21623083078198962,0.14324446724718568
43.08,10875,5.559637963707456,7.9263720742087775,0.9457030421258706,0.17134454140120856,0.9356884612025389,0.950331407582924,1.1004944289212575,0.10534105376778025,1520.0,271.875,0.002393273883395725,0.0043078929901123044,0.008376458591885037,0.22137783421410456,0.14564298019102725
44.08,11136,5.464700949031043,7.765703897792712,0.9420875048463617,0.17451259159135876,0.9357603889126666,0.9502662396023944,1.07571821088118,0.10370763327317367,1520.0,278.4,0.0024488326973385282,0.00440789885520935,0.008570914440684847,0.22651702450381384,0.14833582285265492
45.08,11381,5.378622210539237,7.620701470466343,0.9387307171289536,0.17745391708306354,0.9358267991915236,0.9502060784888147,1.064794792988774,0.1022542159772506,1520.0,284.525,0.002504443844159444,0.004507998919486999,0.008765553454558053,0.23166105558474856,0.150835949520604
46.08,11622,5.2966741411082765,7.483254458385098,0.9354633277905278,0.18031690883633922,0.9358911131569647,0.9501478237109036,1.0826818084449288,0.10085830163045006,1520.0,290.55,0.0025600008567174277,0.00460800154209137,0.008960002998510996,0.23680007924636207,0.1532694925108883
47.08,11885,5.210175887785509,7.338808953976738,0.9319362997594024,0.18340740437292224,0.9359601902656061,0.9500852625195724,1.1099548587253145,0.0994248273515187,1520.0,297.125,0.0026157058344946967,0.004708270502090454,0.009154970420731438,0.24195278969075945,0.1558964137169839
48.08,12156,5.12408406422852,7.1956894422251585,0.9283435792837386,0.1865554617448073,0.9360301993345118,0.950021865711044,1.1147446548182396,0.09798860100863194,1520.0,303.9,0.0026712900665071277,0.004808322119712829,0.009349515232774946,0.24709433115190932,0.1585722624830862
49.09,12432,5.039408283744856,7.055555401086581,0.9247273413377213,0.1897241258815147,0.9361003219202317,0.949958374615626,1.0924900871941694,0.09659624230794417,1520.0,310.8,0.002726978898048401,0.0049085620164871216,0.009544426143169403,0.2522455480694771,0.16126562699928748
50.09,12707,4.957898843285155,6.921254456617405,0.9211665056696419,0.19284424475825457,0.9361690481841312,0.9498961560529259,1.0753911350189567,0.09526490524235487,1520.0,317.675,0.0027826518350177343,0.005008773303031921,0.009739281422562068,0.2573952947391404,0.16391772804451638
51.09,12978,4.88022554604303,6.7938168161168315,0.9176981685702599,0.19588331341050605,0.9362356966399956,0.9498358263595336,1.0654137392975809,0.09399077098170439,1520.0,324.45,0.0028383259508344867,0.005108986711502075,0.009934140827920702,0.26254515045219,0.16650093639893013
52.09,13255,4.803415878152369,6.668318139526414,0.9141941909691185,0.19895361141807794,0.9363027509978781,0.9497751370048869,1.0652631268311654,0.09276449924200081,1520.0,331.375,0.0028939505815505986,0.005209111046791077,0.010128827035427094,0.26769042879343036,0.16911068970536625
53.09,13511,4.734639975507893,6.556387342168556,0.9109923196263856,0.20175919419374747,0.9363637906260003,0.9497198982084224,1.0805221355038686,0.09165526976692495,1520.0,337.775,0.002949611054526435,0.005309299898147583,0.010323638690842522,0.27283902254369524,0.17149543506468534
54.09,13794,4.660963363887813,6.436944799924585,0.9074929229354975,0.20482547826024303,0.9364302598326216,0.949659753158837,1.095567954164101,0.09047878796607256,1520.0,344.85,0.0030052625205781724,0.00540947253704071,0.010518418822023604,0.27798678315348097,0.17410177652120656
55.1,14075,4.590136561013219,6.322575920753654,0.9040593893148453,0.2078340509837061,0.936495244388446,0.949600958892387,1.115114111550599,0.08936380786709996,1520.0,351.875,0.0030608723560969038,0.005509570240974426,0.010713053246339163,0.2831306929389636,0.17665906333615017
56.1,14350,4.522962196770806,6.214516822484511,0.9007382634921608,0.2107441283748864,0.9365578928952927,0.9495442850622042,1.1110376049648072,0.08829508051181012,1520.0,358.75,0.0031165767378277254,0.005609838128089905,0.010908018582397037,0.28828334824906454,0.17913262911865344
57.1,14627,4.457339991755949,6.109342821790652,0.8974315028190804,0.21364161855940378,0.9366200775384912,0.9494880375691479,1.0898559445582796,0.08727109497574737,1520.0,365.675,0.003172169897291396,0.0057099058151245125,0.011102594640519884,0.2934257154994541,0.1815954957754932
58.1,14881,4.398886864495038,6.015982760951651,0.8944328029991495,0.2162691759043596,0.9366763114148552,0.9494371784428589,1.0677473417369034,0.0863653367302859,1520.0,372.025,0.003227752659055922,0.005809954786300659,0.011297134306695726,0.2985671209626728,0.18382891951870564
59.1,15159,4.336714429052295,5.917018089196738,0.8911869619895134,0.21911328631806046,0.9367370201526147,0.9493822782915319,1.063746247833142,0.0853921186833444,1520.0,378.975,0.003283453914854262,0.005910217046737671,0.011492088701989915,0.3037194871240192,0.1862464133703514
60.11,15404,4.283420183066447,5.832461707260139,0.8883573513208433,0.2215926823037517,0.9367898157428487,0.9493345393393842,1.076979964888698,0.08456730294870263,1520.0,385.1,0.003339176124996609,0.006010517024993896,0.01168711643748813,0.3088737915621863,0.18835389995818894
61.11,15648,4.231682051964659,5.750618724364273,0.8855677031372955,0.22403706187312544,0.9368417552413217,0.9492875791845105,1.1133882169056064,0.08378125674440728,1520.0,391.2,0.0033947624233033923,0.006110572361946106,0.011881668481561872,0.3140155241555638,0.19043162259215662
62.11,15903,4.178983874794664,5.667505241896756,0.8826821948206804,0.226565437177936,0.936895370457748,0.9492391088484984,1.1001418357480341,0.08297287252461183,1520.0,397.575,0.0034503812260097927,0.006210686206817626,0.012076334291034272,0.3191602634059058,0.19258074160124558
63.11,16156,4.128031847613052,5.587384411156711,0.8798491198547248,0.2290478686924645,0.9369479096864105,0.9491916160663973,1.0723746329426587,0.08218375514537457,1520.0,403.9,0.0035060756074057685,0.006310936093330382,0.012271264625920188,0.32431199368503355,0.19469080838859482
64.11,16379,4.084181637386631,5.518619328458482,0.8773762780817763,0.2312146522832189,0.9369936907745487,0.9491502361857532,1.0672047615380498,0.08152414901029503,1520.0,409.475,0.0035617132319344415,0.006411083817481994,0.012465996311770545,0.32945847395393585,0.19653257444073607
65.11,16612,4.039388528202744,5.448555868124832,0.8748165602395759,0.23345755948339456,0.9370410084528525,0.9491074712402678,1.1002750315235477,0.08085331408164076,1520.0,415.3,0.003617481364144219,0.006511466455459594,0.012661184774504767,0.33461702618334027,0.19843904556088535
66.12,16835,3.9974645690075112,5.383145601482887,0.8723894088980402,0.23558430764684313,0.9370858120151467,0.9490669820752087,1.0940976679900878,0.08021991391989525,1520.0,420.875,0.0036731402741538156,0.006611652493476867,0.012855990959538353,0.3397654753592279,0.20024678149981665
67.12,17076,3.953162275965466,5.314198788685716,0.8697910074388959,0.23786111067785673,0.9371337124029905,0.9490236981293491,1.0664988845462111,0.07954470551373427,1520.0,426.9,0.0037288506031036375,0.006711931085586547,0.01305097711086273,0.3449186807870865,0.2021820640761782
68.12,17353,3.903486619504596,5.2371028360433005,0.8668356959955168,0.2404506497301057,0.9371881169468588,0.9489745416752415,1.063372381930764,0.07880186740566797,1520.0,433.825,0.0037844429281022815,0.0068119972705841065,0.013245550248357985,0.35006097084946103,0.20438317227058983
69.12,17640,3.853367850895502,5.159548290641569,0.863808428878089,0.24310323866103917,0.93724376951442,0.9489242628728278,1.0661423702906803,0.07806299447510934,1520.0,441.0,0.00384000923898485,0.006912016630172729,0.013440032336446974,0.3552008546060986,0.2066378728618833
70.12,17930,3.8040652569304467,5.083481831940065,0.8607848840222593,0.2457525660264978,0.9372992830773135,0.9488741149777935,1.0721273239199873,0.07732808682588466,1520.0,448.25,0.0038956342670652603,0.007012141680717468,0.01363471993472841,0.36034616970353656,0.20888980112252312
71.12,18218,3.7563826456812324,5.01012771744335,0.8578168384675664,0.2483532631171378,0.9373537156103282,0.9488249487886795,1.0818559695483723,0.07660961523219778,1520.0,455.45,0.0039513195355733235,0.007112375164031982,0.01382961837450663,0.3654970570405324,0.21110039364956712
72.13,18517,3.7081745779583297,4.93617869170126,0.854771396951614,0.251021777041302,0.9374095103587408,0.9487745574833896,1.0889945103618914,0.0759077479268151,1520.0,462.925,0.0040069980223973595,0.007212596440315247,0.014024493078390756,0.37064731707175574,0.2133686304851067
73.13,18790,3.6652668845322776,4.870541190987425,0.8520222923644112,0.25343063100599234,0.9374598318442238,0.9487291139882303,1.1125339141788149,0.0752831065442176,1520.0,469.75,0.004062621672948202,0.0073127190113067625,0.014219175855318705,0.37579250474770864,0.21541615635509348
74.13,19066,3.6229227775275294,4.805933374885931,0.8492731027253184,0.2558395594958874,0.9375101181193383,0.948683706652915,1.1123651254404752,0.0746602333900902,1520.0,476.65,0.004118261112107171,0.007412870001792907,0.014413913892375098,0.3809391528699133,0.21746374557150425
75.13,19363,3.5784764187890046,4.738297479522964,0.8463480665199583,0.258402570409675,0.9375635859877568,0.9486354311959719,1.1019294712739829,0.07399946831964,1520.0,484.075,0.004173979640007019,0.007513163352012633,0.014608928740024564,0.3860931167006492,0.21964230484822375
76.14,19662,3.5348590608221073,4.672102311227406,0.8434377006276497,0.2609527267227603,0.9376167556969495,0.9485874298310006,1.0933501640998555,0.07337235965098632,1520.0,491.55,0.004229753388298883,0.0076135560989379885,0.014804136859046088,0.39125218841764664,0.22180993771434626
77.14,19955,3.4931736767411805,4.609005509498954,0.8406186663168087,0.26342285536314675,0.9376682337419748,0.9485409603358211,1.0827316462697663,0.07277509605132515,1520.0,498.875,0.0042855178250206846,0.007713932085037231,0.014999312387572393,0.3964103988144133,0.22390954705867472
78.14,20244,3.4530441402205216,4.5484176937876635,0.8378695546372713,0.265831715542369,0.9377184180042134,0.9484956631417977,1.072941846854353,0.07219380336258924,1520.0,506.1,0.004341154151492649,0.007814077472686767,0.01519403953022427,0.40155675901307003,0.22595707821101363
79.14,20528,3.414529288545327,4.490410170752955,0.8351979590502918,0.26817265362515497,0.9377671757524619,0.948451657701201,1.0652473926141282,0.07162998854762037,1520.0,513.2,0.004396724647945828,0.00791410436630249,0.015388536267810397,0.4066970299349891,0.2279468755813817
80.14,20812,3.3768947690090854,4.43386362721032,0.8325556092750458,0.27048796558594007,0.9378153928989703,0.9484081441996409,1.0627128941210338,0.0710877066198008,1520.0,520.3,0.004452443295054966,0.008014397931098937,0.015583551532692379,0.4118510047925843,0.22991489074804905
81.14,21110,3.3383183599469675,4.376040830714736,0.8298139692801292,0.2728902788344979,0.9378654191315023,0.9483630023244909,1.0636437109630075,0.07054568509764686,1520.0,527.75,0.004508001036114163,0.008114401865005493,0.01577800362639957,0.41699009584056007,0.2319568570093232
82.15,21339,3.309288950556741,4.332621164959819,0.8277283796215211,0.27471773965255536,0.9379034754562108,0.9483286645514184,1.0913452193479398,0.07013374820962048,1520.0,533.475,0.004563838971985711,0.00821491014957428,0.015973436401949988,0.4221551049086783,0.23351019870467205
83.15,21598,3.2770804638876427,4.28454017370363,0.8253915079171938,0.2767653818907392,0.9379461206884836,0.9482901892250717,1.1240053883864949,0.06967257073825628,1520.0,539.95,0.0046196035676532325,0.008315286421775817,0.01616861248678631,0.42731333000792393,0.2352506946071283
84.15,21831,3.2486551160510135,4.242188689175445,0.8233088727754287,0.27859025386599884,0.9379841318894894,0.9482558974484914,1.0785862940408333,0.06926191349843114,1520.0,545.775,0.0046752088334825305,0.008415375900268555,0.016363230917188856,0.43245681709713407,0.236801835786099
85.16,22109,3.2154009124499794,4.1927404228405205,0.8208480304496152,0.28074652315477305,0.9380290554265232,0.9482153729210391,1.0669551360143619,0.06878409872858993,1520.0,552.725,0.004730851173400879,0.008515532112121582,0.016557979106903074,0.4376037335395813,0.23863466468155708
86.16,22404,3.180875405473871,4.1415136279452875,0.8182648814381408,0.2830099614999861,0.9380762261523649,0.9481728249942726,1.0637843453903577,0.06830766573753039,1520.0,560.1,0.004786514401435852,0.008615725922584533,0.01675280040502548,0.4427525821328163,0.24055858727498816
87.16,22693,3.1477882921722102,4.092528245473918,0.8157619802362162,0.2852030841303691,0.9381219490577316,0.9481315866556068,1.062498728259302,0.0678460989927332,1520.0,567.325,0.004842243459489611,0.008716038227081299,0.016947852108213635,0.447907520002789,0.24242274151081372
88.16,22991,3.1144085653739992,4.043216248962939,0.8132094101773379,0.28743972821262825,0.9381686006750586,0.9480895144033881,1.0638014943515137,0.06737543784732092,1520.0,574.775,0.004897973828845555,0.008816352891921996,0.017142908400959438,0.45306257916821374,0.244323888980734
89.17,23273,3.0834886573178037,3.9976339148681235,0.8108199283286192,0.2895334691534552,0.9382122943271504,0.9480501131569642,1.0705260257538216,0.06693490696089666,1520.0,581.825,0.004953646779060364,0.008916564202308654,0.017337763726711274,0.4582123270630837,0.24610356878043688
90.17,23535,3.055325443281574,3.956195859327273,0.808622268871847,0.2914591291374834,0.938252502271616,0.9480138580897102,1.0926834649750412,0.06653284117629338,1520.0,588.375,0.005009216851658292,0.009016590332984924,0.01753225898080402,0.463352558778392,0.24774037976686086
91.17,23830,3.024245138391803,3.910554847459125,0.806173200385579,0.29360508180891204,0.9382973375194152,0.9479734339137245,1.1035061569533222,0.0661113780510969,1520.0,595.75,0.0050648653374777905,0.009116757607460021,0.017727028681172263,0.46850004371669557,0.2495644395375752
92.17,24130,2.993301582231199,3.865207763555401,0.8037097975857024,0.2957635946675115,0.9383424675232724,0.9479327474736858,1.1121249150086623,0.0656871621950404,1520.0,603.25,0.005120552831225925,0.009216995096206665,0.017921934909290737,0.4736511368883981,0.2513991754673848
93.17,24421,2.963905526238783,3.8222147772199553,0.8013460752972016,0.29783476425217814,0.9383858047425013,0.9478936805958815,1.1206768935288327,0.06527984236312645,1520.0,610.525,0.005176170243157281,0.009317106437683105,0.01811659585105048,0.47879574749204845,0.2531596696143514
94.17,24720,2.9343166236517106,3.779024844374034,0.7989434032158359,0.29994006289959607,0.9384298924484844,0.9478539404972794,1.1109329933037075,0.06486554018434615,1520.0,618.0,0.005231811457210117,0.009417260622978211,0.01831134010023541,0.48394255979193584,0.2549491734646566
95.17,25017,2.9055240113652228,3.737079395874575,0.796582520157668,0.3020087446592175,0.9384732518189158,0.9478148601716233,1.1005482902090962,0.06445817876851428,1520.0,625.425,0.0052874738640255395,0.00951745295524597,0.018506158524089388,0.4890913324223624,0.2567075529603349
96.17,25297,2.8789091482781224,3.6983787787198517,0.79437988654262,0.3039387631609024,0.938513741594959,0.9477783691652455,1.0825057002167657,0.06409928794856945,1520.0,632.425,0.0053430346912807895,0.009617462444305419,0.018700621419482758,0.494230708943473,0.258348068686767
97.18,25583,2.852239101102268,3.6596677194787275,0.7921528658133876,0.30589015043733825,0.9385547180267921,0.9477414424350858,1.0715607488403063,0.06374127324462397,1520.0,639.575,0.005398708171314663,0.009717674708366394,0.01889547859960132,0.4993805058466063,0.2600067478717375
98.18,25871,2.825893482284884,3.6214963269902403,0.7899332219431638,0.3078350738723646,0.9385955993164565,0.9477046043208449,1.0648351311472601,0.0633839655741078,1520.0,646.775,0.005454453176922269,0.009818015718460082,0.01909058611922794,0.5045369188653098,0.2616599327915099
99.18,26163,2.799690277554602,3.5835992267335843,0.7877059082632586,0.30978671784161343,0.9386366648091558,0.9476676031137382,1.0622061378076975,0.06302494314785517,1520.0,654.075,0.00551012412707011,0.009918223428726195,0.01928543444474538,0.5096864817539851,0.2633188301653714
100.18,26455,2.7739841682778485,3.5464870737312992,0.7855015597446812,0.3117182389969934,0.9386773513939476,0.9476309461722939,1.0624375326639806,0.06266914968739301,1520.0,661.375,0.005565814442104764,0.010018465995788574,0.01948035054736667,0.5148378358946906,0.2649606231474444
101.19,26750,2.7485042350123643,3.509766124601739,0.7832975283339894,0.3136494822922327,0.9387180785119535,0.947594255561345,1.0648370962422584,0.062313605800915106,1520.0,668.75,0.005621548692385356,0.01011878764629364,0.019675420423348744,0.5199932540456454,0.2666021799483978
102.19,27031,2.72467890175603,3.475488124531836,0.7812192365724274,0.31547054845789485,0.9387565265262696,0.947559620785295,1.07397236511832,0.062002121087703865,1520.0,675.775,0.005677275922563341,0.010219096660614014,0.019870465728971692,0.525148022837109,0.2681500861892106
103.19,27302,2.7021018952178704,3.443058307310642,0.7792341579952559,0.31720993822978666,0.9387932919637212,0.9475265040853782,1.0937617964962998,0.06170404338121993,1520.0,682.55,0.005732976078987122,0.01031935694217682,0.020065416276454924,0.5303002873063087,0.26962856749531866
104.2,27591,2.6784469685934553,3.4091347592682024,0.7771377545632767,0.31904687442429197,0.9388321653207737,0.9474914911893884,1.1083814548355386,0.06138865189237941,1520.0,689.775,0.005788703931702509,0.010419667077064515,0.020260463760958778,0.535455113682482,0.27118996326064815
105.2,27888,2.654578456611938,3.3749616736170105,0.7750050645579591,0.32091560608283964,0.9388717618920344,0.9474558295694344,1.1192421358836893,0.061067172182861285,1520.0,697.2,0.005844284017880758,0.010519711232185364,0.02045499406258265,0.5405962716539701,0.2727783851704137
106.2,28172,2.632161657319266,3.342919081791208,0.7729860303553099,0.3226847488671983,0.9389092967221011,0.9474220272893725,1.10814074963626,0.060762240893435904,1520.0,704.3,0.0058998547924889455,0.010619738626480102,0.02064949177371131,0.5457365683052274,0.2742821565371185
107.2,28465,2.6094401801853078,3.3104925465522026,0.7709235032185342,0.3244920015609776,0.9389476903912116,0.9473874540785712,1.095706708907751,0.0604501555012108,1520.0,711.625,0.005955568631490072,0.010720023536682128,0.020844490210215248,0.5508900984128315,0.275818321326831
108.2,28752,2.5875728986437556,3.2793341931798565,0.7689230861614568,0.32624483140288557,0.9389849779592887,0.9473538793265148,1.0817101022849556,0.06029401017609284,1520.0,718.8,0.006011155843734742,0.010820080518722533,0.021039045453071593,0.5560319155454635,0.2773082266924527
109.2,29052,2.5651155693366103,3.24738536497689,0.7668527633398707,0.32805891492672873,0.9390236220565202,0.9473190856375466,1.075752153782753,0.06028310603889204,1520.0,726.3,0.006066858980390761,0.01092034616470337,0.021234006431367664,0.5611844556861454,0.2788501976877194
110.2,29318,2.545536993323342,3.21957364344615,0.765034518478417,0.32965211962460716,0.9390576070636235,0.9472884889367046,1.063116248537308,0.06027344100224036,1520.0,732.95,0.006122473597526551,0.01102045247554779,0.021428657591342926,0.5663288077712059,0.2802044216809161
111.2,29611,2.5243247372789632,3.189485147065288,0.7630504079088523,0.33139066119706256,0.9390947428235212,0.9472550578802839,1.061491370444442,0.060262798514369866,1520.0,740.275,0.006178032120068868,0.011120457816123962,0.021623112420241036,0.5714679711063703,0.28168218201750317
112.21,29907,2.5032622024301343,3.1596542955443327,0.7610655868292625,0.3331298253412814,0.9391319459914319,0.9472215685142467,1.0623702525763137,0.06025205087457587,1520.0,747.675,0.006233745482232836,0.011220741868019104,0.021818109187814926,0.5766214571065373,0.28316047154008916
113.21,30176,2.4844327339093173,3.1330244105157945,0.7592786513850613,0.3346955957195519,0.9391654874405571,0.9471913773727305,1.0724201246720495,0.06024228691829899,1520.0,754.4,0.0062895073890686035,0.011321113300323486,0.022013275861740112,0.5817794334888459,0.2844913763616191
114.21,30456,2.465140931846191,3.105778219464655,0.7574354264441803,0.3363106887674214,0.9392001336121797,0.9471601938818086,1.0867921165305918,0.06023212705315598,1520.0,761.4,0.006345143967204624,0.011421259140968322,0.022208003885216182,0.5869258169664276,0.2858642054523082
115.22,30751,2.4451468717811546,3.0775804151228616,0.7555117070631713,0.33799631363577537,0.9392363460722839,0.9471276028453601,1.0971184237135307,0.06022142661608459,1520.0,768.775,0.006400843977928162,0.01152151916027069,0.02240295392274856,0.5920780679583549,0.28729698659040903
116.22,31050,2.425219876826809,3.049517996202279,0.753580724746544,0.33968830252219573,0.9392727511468157,0.9470948407249422,1.105965785615721,0.06021058496725711,1520.0,776.25,0.0064565603335698446,0.011621808600425719,0.022597961167494452,0.5972318308552106,0.2887351771438664
117.22,31339,2.4062748165502725,3.0228762553908117,0.75173205884843,0.34130816311199996,0.9393076578536236,0.9470634291701724,1.1219260047483242,0.0602001096247233,1520.0,783.475,0.006512307206789653,0.011722152972221374,0.02279307522376378,0.6023884166280429,0.29011205864519996
118.22,31641,2.386800643129283,2.995528989819036,0.7498185778902907,0.34298481674454256,0.9393438446761445,0.9470308678823114,1.1160808871427985,0.06018916696689852,1520.0,791.025,0.006567991971969604,0.011822385549545287,0.022987971901893615,0.6075392574071884,0.29153721423286116
119.22,31936,2.368088809773216,2.969289161538932,0.7479672738334784,0.344606988973951,0.9393789111450739,0.9469993168435034,1.1040904426514015,0.06017848178703786,1520.0,798.4,0.006623600178294712,0.01192248032093048,0.023182600624031487,0.6126830164922608,0.2929160606278583
120.23,32235,2.349429099013425,2.943158513915715,0.7461085670121415,0.34623564774401616,0.9394141737460742,0.9469675914617484,1.0953091979630052,0.06016765559400609,1520.0,805.875,0.00667924439907074,0.01202263991832733,0.02337735539674759,0.6178301069140434,0.29430042058241374
121.23,32516,2.3321666585804266,2.9190167339393747,0.7443777543215795,0.34775224155830925,0.9394470612176726,0.9469380048801906,1.0786690573979716,0.060157484695041286,1520.0,812.9,0.006734802299075657,0.012122644138336181,0.023571808046764797,0.6229692126644982,0.29558952532456284
122.23,32793,2.315403708888773,2.8956031433671585,0.7426865298050226,0.3492341469397392,0.9394792449359338,0.9469090532124229,1.066166286588202,0.06014746194255346,1520.0,819.825,0.006790369987487794,0.012222665977478028,0.023766294956207273,0.6281092238426209,0.2968491448987783
123.23,33085,2.2979995580202983,2.871324928247179,0.7409195597113402,0.3507824230349702,0.9395129220156434,0.9468787600556203,1.0623665350699796,0.06013690005703134,1520.0,827.125,0.006846096793810527,0.012322974228858948,0.023961338778336845,0.6332639534274738,0.29816517957972466
124.23,33343,2.282844530186581,2.850209916926818,0.7393716672417938,0.35213873626129777,0.9395424678591585,0.9468521846236074,1.0648832400699078,0.06012757106623332,1520.0,833.575,0.006901741981506348,0.012423135566711424,0.024156096935272212,0.6384111332893371,0.2993180458221031
125.23,33622,2.2666858312355083,2.8277229831201405,0.7377116632888636,0.353593285179528,0.9395742001547172,0.9468236442227741,1.075519792670151,0.060117485995801696,1520.0,840.55,0.006957468496428596,0.012523443293571471,0.024351139737500083,0.6435658359196451,0.3005544124025988
126.24,33923,2.2495149320782533,2.803857429509402,0.7359367050739472,0.355148560723814,0.9396081837990493,0.9467930808464375,1.0810090397415613,0.060106609479920005,1520.0,848.075,0.0070131607188118825,0.012623689293861389,0.02454606251584159,0.6487173664900991,0.3018763966152419
127.24,34208,2.2335017207888708,2.7816288303327226,0.7342711228245757,0.3566079975250157,0.9396401246127227,0.9467643565056327,1.0960314827217423,0.06009631474442637,1520.0,855.2,0.007068820953369141,0.012723877716064454,0.024740873336791994,0.6538659381866455,0.3031169178962633
128.24,34434,2.2209693397167527,2.764250937023085,0.732960591914041,0.3577563269099312,0.9396652919242225,0.9467417248000006,1.0950029852345207,0.06008815370641172,1520.0,860.85,0.0071245480908287894,0.012824186563491819,0.02493591831790076,0.659020698401663,0.3040929978734415
129.25,34704,2.2061854429008325,2.743772290200953,0.7314066375393915,0.3591179517727127,0.9396951746207882,0.9467148541938002,1.0740380621562513,0.06007840669910771,1520.0,867.6,0.0071802897983127174,0.01292452163696289,0.025131014294094506,0.6641768063439263,0.3052503790068058
130.25,34979,2.1913344806903474,2.7232239856038403,0.7298368550852639,0.3604934457084215,0.9397254069624597,0.946687670742892,1.0633194573738363,0.060068482441671546,1520.0,874.475,0.007235872997177973,0.01302457139492035,0.0253255554901229,0.6693182522389625,0.3064195488521583
131.25,35269,2.175894666195221,2.7018856711767696,0.7281954035636192,0.36193173838894255,0.9397570687163348,0.9466592037129778,1.0609217694239317,0.06005802041236823,1520.0,881.725,0.007291536675559151,0.01312476601600647,0.025520378364457023,0.6744671424892213,0.30764209763060113
132.25,35558,2.1607291369657684,2.6809510367136404,0.7265736575526168,0.36335276446649123,0.9397884001813775,0.9466310353359493,1.062183637719427,0.0600475980838809,1520.0,888.95,0.007347203466627334,0.0132249662399292,0.025715212133195664,0.6796163206630284,0.3088499697965175
133.25,35857,2.145266004705915,2.6596307513364366,0.7249103332917337,0.36481022274546876,0.9398205868238375,0.9466020998676965,1.064469236269123,0.06003681892775696,1520.0,896.425,0.007402829806009929,0.01332509365081787,0.025909904321034745,0.6847617570559184,0.3100888093336484
134.25,36151,2.1302817857606398,2.6389950724360243,0.7232890244247911,0.3662308657833155,0.939852011460831,0.9465738511468083,1.0697575255859997,0.06002622379782105,1520.0,903.775,0.007458418912357755,0.013425154042243958,0.02610446619325214,0.6899037493930923,0.31129635591581817
135.25,36434,2.116060119144657,2.6194317094038784,0.7217414800522236,0.36758687399586093,0.939882053743224,0.946546846654976,1.081788790027272,0.06001602861605241,1520.0,910.85,0.0075140935844845245,0.013525368452072143,0.026299327545695833,0.6950536565648184,0.3124489628964818
136.25,36725,2.101638594525138,2.5996155028276497,0.7201633957516925,0.36896964227672063,0.9399127368948949,0.9465192676923363,1.0936786260002498,0.06000554884208041,1520.0,918.125,0.007569653073946635,0.013625375533103942,0.02649378575881322,0.7001929093400637,0.3136243159352125
137.25,37029,2.086787076660382,2.579231742104984,0.7185289024346135,0.3704018379543364,0.9399445682843639,0.9464906583620764,1.0993915858283096,0.059994604807579184,1520.0,925.725,0.007625216245651246,0.01372538924217224,0.026688256859779356,0.7053325027227402,0.3148416822611859
138.25,37338,2.0719107918196658,2.558837726519172,0.7168820555826303,0.371844858197038,0.9399766935717327,0.9464617866422103,1.1023892222013485,0.05998348486280817,1520.0,933.45,0.007680813127093846,0.013825463628768922,0.026882845944828457,0.7104752142561807,0.3160682494674823
139.26,37637,2.057722018624563,2.539408408464951,0.715302235113555,0.3732291477646834,0.9400075619725303,0.9464340461793614,1.1116846368495705,0.05997272871029518,1520.0,940.925,0.007736507786644829,0.013925714015960692,0.027077777253256902,0.7156269702646467,0.31724489559998087
140.26,37931,2.0439639238435783,2.520589561744186,0.7137618007554891,0.3745789259535692,0.9400377087878222,0.9464069557573653,1.1198349434047867,0.05996215618722499,1520.0,948.275,0.0077921555836995456,0.014025880050659181,0.027272544542948404,0.7207743914922079,0.3183922070605338
141.26,38205,2.031310881520915,2.5033002957340904,0.7123375650267674,0.3758268871616495,0.9400656239195224,0.9463818721501513,1.095226739729979,0.05995230623875092,1520.0,955.125,0.007847736080487569,0.014125924944877624,0.027467076281706488,0.7259155874451001,0.3194529740874021
142.26,38491,2.018274264422126,2.4855050305793926,0.7108625245601625,0.3771193651170536,0.9400945779218116,0.9463558564577474,1.0806737521243641,0.059942028356865434,1520.0,962.275,0.007903411361906264,0.014226140451431274,0.02766193976667192,0.7310655509763294,0.32055158034949555
143.26,38785,2.0050509927698053,2.467473803495228,0.7093583665826546,0.3784373567731394,0.9401241488130371,0.9463292879606422,1.0725319256935908,0.05993146665433447,1520.0,969.625,0.007959122922685411,0.01432642126083374,0.02785693022939894,0.7362188703484006,0.32167187325716845
144.27,39085,1.9917401083762722,2.449342293909257,0.7078360134959159,0.3797712915698437,0.9401541241857747,0.9463023575773217,1.0678778397585589,0.059920693242791444,1520.0,977.125,0.008014730625682406,0.01442651512622833,0.02805155718988842,0.7413625828756226,0.3228057178343671
145.27,39374,1.9790878603359687,2.432125829675762,0.7063812455890077,0.38104600605563393,0.9401828129020418,0.9462765845881042,1.062407994448611,0.059910318518581265,1520.0,984.35,0.008070345057381524,0.014526621103286744,0.028246207700835333,0.746506917807791,0.32388922514728885
146.27,39613,1.9687486504193301,2.4180697793761445,0.7051867690051692,0.3820926449023708,0.9402064008559063,0.946255395009358,1.0675068763437714,0.059901741442983956,1520.0,990.325,0.008125917752583823,0.01462665195465088,0.028440712134043377,0.7516473921140036,0.3247788681670152
147.27,39876,1.9574986743904366,2.4027888190297944,0.7038812249130759,0.38323660467638465,0.9402322155056729,0.9462322062317055,1.0882619137929255,0.05989230590882991,1520.0,996.9,0.008181622544924418,0.014726920580863952,0.028635678907235458,0.7568000854055086,0.32575123397492695
148.27,40161,1.9454557719609666,2.3864461680998748,0.7024768381787582,0.3844671735564002,0.9402600235737311,0.9462072280823803,1.1047822157794591,0.05988208444576634,1520.0,1004.025,0.008237202246983847,0.014826964044570923,0.02883020786444346,0.7619412078460058,0.32679721752294016
149.27,40435,1.9340202940325568,2.370942532099776,0.7011366826928561,0.3856414609482092,0.9402865975407964,0.9461833596806034,1.1135937778222114,0.05987226078425729,1520.0,1010.875,0.008292966471778023,0.01492733964920044,0.029025382651223078,0.7670993986394671,0.32779536180597785
150.27,40675,1.9241166377375774,2.3575272669267684,0.6999707918829627,0.38666305201930967,0.9403097460103639,0.9461625690019522,1.074180252259561,0.05986365876489359,1520.0,1016.875,0.008348529643482632,0.015027353358268736,0.029219853752189207,0.7722389920221434,0.3286637142164132
151.28,40944,1.913139348671374,2.342670292315136,0.6986727511632046,0.38780043709686335,0.9403355511378642,0.946139393340123,1.0621555439712493,0.059854020272188314,1520.0,1023.6,0.008404244621594748,0.015127640318870546,0.029414856175581615,0.7773926274975141,0.3296304915323338
152.28,41195,1.9030119489420938,2.3289753587488153,0.6974697834339878,0.38885451615860867,0.940359497118623,0.946117888402392,1.064522820014594,0.059845029533124115,1520.0,1029.875,0.008460083391931323,0.01522815010547638,0.029610291871759627,0.7825577137536474,0.33052645873481734
153.28,41452,1.8927558852642263,2.3151179754880915,0.696246170850916,0.3899266849060976,0.9403838845486849,0.9460959880245278,1.0854421148968831,0.05983582667420389,1520.0,1036.3,0.00851569097571903,0.015328243756294251,0.029804918415016597,0.7877014152540102,0.3314378021701829
154.28,41706,1.8827304413371864,2.301583432632052,0.6950448036181414,0.39097936156132185,0.9404078585205203,0.9460744599314788,1.1210334359929708,0.05982673402226153,1520.0,1042.65,0.008571271340052289,0.015428288412094118,0.029999449690183005,0.7928425989548366,0.33233257732712357
155.28,42003,1.8711451657365745,2.2859569518701957,0.6936499593815632,0.39220156899753494,0.9404357305755802,0.9460494326820605,1.111669000946864,0.059816105567256514,1520.0,1050.075,0.008626936263508267,0.01552848527431488,0.030194276922278933,0.7979916043745147,0.33337145364790466
156.28,42271,1.8608160058330117,2.2720373056505383,0.6924003518053412,0.39329651539510074,0.9404607343261217,0.946026982109474,1.0851455252455238,0.05980651814827363,1520.0,1056.775,0.008682496627171835,0.0156284939289093,0.03038873819510142,0.8031309380133947,0.33430215808583563
157.29,42549,1.8502243792792554,2.257776272316434,0.691113052415407,0.3944244885735754,0.9404865256482442,0.9460038255056713,1.070185553634627,0.059796576236767304,1520.0,1063.725,0.008738123416900636,0.015728622150421142,0.03058343195915222,0.8082764160633088,0.3352609352875391
158.29,42823,1.8399055363254342,2.2438945393947023,0.6898530582116503,0.39552853606865246,0.9405118026449525,0.9459811317897567,1.0613017321957448,0.059786780608200585,1520.0,1070.575,0.008793861786524455,0.01582895121574402,0.03077851625283559,0.8134322152535122,0.33619937565835456
159.29,43102,1.8295190514596418,2.2299338028726403,0.6885789078973072,0.3966449876036738,0.9405373964814929,0.9459581547276201,1.0609934264491176,0.059776809524479425,1520.0,1077.55,0.00884959571891361,0.015929272294044495,0.030973585016197628,0.8185876039995088,0.3371483594631227
160.29,43345,1.8205703040797514,2.217915231510647,0.6874763335599443,0.39761109874265554,0.9405595704594296,0.9459382487749977,1.0813736621207566,0.059768127741680145,1520.0,1083.625,0.008905231303638883,0.016029416346549988,0.031168309562736085,0.8237338955865966,0.3379695539312572
161.3,43586,1.8117834846008485,2.2061228563588724,0.6863893438755961,0.39856355410681604,0.9405814550837304,0.9459186034040874,1.1193983618594328,0.05975951990430299,1520.0,1089.65,0.008960843827989366,0.016129518890380858,0.03136295339796278,0.8288780540890164,0.3387791409907936
162.3,43853,1.8021497625454486,2.1932038382819865,0.6851925619642896,0.39961221295571553,0.9406055777300562,0.9458969499559515,1.090881396144651,0.05974998631518064,1520.0,1096.325,0.009016543255911932,0.01622977786064148,0.03155790139569176,0.8340302511718537,0.3396705010123582
163.3,44116,1.7927625677303332,2.1806254406944823,0.684021295311072,0.400638514513847,0.9406292139337121,0.9458757341228032,1.0687915897217009,0.05974059852471833,1520.0,1102.9,0.009072190814548069,0.016329943466186523,0.03175266785091824,0.8391776503456964,0.34054285733677
164.3,44383,1.7833346655756608,2.168002470644297,0.6828398152960884,0.40167376534844385,0.940653084033576,0.94585430931365,1.0602080596958834,0.05973107097131293,1520.0,1109.575,0.00912783764468299,0.016430107760429382,0.03194743175639046,0.8443249821331766,0.34142282054617723
165.3,44649,1.774042674218782,2.15557126691278,0.6816702759166191,0.4026985534136962,0.9406767402502063,0.9458330774378525,1.0646123494443043,0.05972158212304519,1520.0,1116.225,0.009183542728424072,0.01653037691116333,0.03214239954948425,0.8494777023792267,0.34229389040164176
166.31,44909,1.7650557586563562,2.143557472336605,0.6805342726170986,0.40369395608578423,0.9406997440639117,0.9458124320223771,1.0845153032777544,0.05971231022204774,1520.0,1122.725,0.009239241838455202,0.01663063530921936,0.0323373464345932,0.854629870057106,0.34313998267291657
167.31,45210,1.754767608342727,2.129815379876651,0.6792278459902109,0.40483868916520394,0.9407262303228132,0.9457886623090119,1.0913979551580932,0.05970157980868557,1520.0,1130.25,0.009294939186837938,0.016730890536308288,0.032532287153932776,0.8597818747825092,0.3441130057904233
168.31,45495,1.7451390584263873,2.116965183745638,0.6779993650770502,0.40591512370028454,0.9407511667880575,0.9457662845311884,1.1084421182484294,0.05969142333664103,1520.0,1137.375,0.009350495841768053,0.016830892515182494,0.032726735446188183,0.8649208653635448,0.34502797514524186
169.31,45775,1.735784367605969,2.104490547427174,0.6768003754791363,0.4069657169952803,0.9407755328978592,0.9457444196118047,1.1126710028887734,0.059681448413000125,1520.0,1144.375,0.009406187574068706,0.01693113763332367,0.03292165650924047,0.8700723506013552,0.3459209794459882
170.31,46062,1.7263019329626537,2.0918557084038873,0.6755794642157704,0.4080355187594563,0.9408003730026117,0.9457221303972542,1.0962078971291647,0.05967122757551758,1520.0,1151.55,0.009461925254927742,0.017031465458869934,0.033116738392247096,0.8752280860808161,0.34683031094553785
171.32,46356,1.716697730884799,2.0790690511014716,0.6743371095572475,0.4091241099169792,0.9408256786754302,0.9456994245087647,1.0852634655026543,0.059660761078568825,1520.0,1158.9,0.009517700486712986,0.01713186087608337,0.03331195170349544,0.8803872950209511,0.3477556134294323
172.32,46661,1.7068492898432162,2.0659681437754576,0.6730570587971131,0.4102457316126062,0.9408517828275945,0.9456760033190161,1.0808012024980485,0.05964990685762747,1520.0,1166.525,0.009573282745149401,0.01723190894126892,0.033506489608022896,0.8855286539263195,0.34870899187071525
173.32,46973,1.6968939565893169,2.052736301329197,0.671756751572085,0.41138510267506234,0.9408783316208043,0.9456521843817862,1.0797866557996743,0.059638807609132156,1520.0,1174.325,0.009628878792126974,0.01733198182582855,0.033701075772444404,0.890671288271745,0.34967745727380295
174.32,47285,1.687056953715145,2.039672873109468,0.6704655310600631,0.4125165116669764,0.9409047260395449,0.9456285051388591,1.0787949618402535,0.059627712490414764,1520.0,1182.125,0.00968450547589196,0.017432109856605527,0.03389576916562186,0.8958167565200064,0.35063915491692993
175.32,47595,1.6773981053815699,2.0268568253826778,0.6691914514931245,0.41363290121084373,0.9409308001779247,0.945605114397383,1.0769740754434285,0.05961669258212922,1520.0,1189.875,0.00974007989300622,0.017532143807411193,0.03409027962552177,0.9009573901030753,0.35158808602921715
176.32,47906,1.6678213327984401,2.014160259844633,0.6679220067393337,0.4147452295821829,0.9409568088739786,0.9455817835198259,1.0756443619495077,0.05960564121794463,1520.0,1197.65,0.00979565911822849,0.01763218641281128,0.03428480691379971,0.9060984684361353,0.35253356514485545
177.32,48212,1.6585072795691174,2.001822120971149,0.6666813923480939,0.415832295861473,0.9409822549186906,0.9455589584816083,1.072496782652836,0.05959477152668184,1520.0,1205.3,0.009851320730315315,0.017732377314567567,0.0344796225561036,0.9112471675541666,0.35345757148225204
178.33,48514,1.6494189135286228,1.9897925842338116,0.6654650642534803,0.41689808170560316,0.9410072294054368,0.9455365575046382,1.0683572378413415,0.059584047809189876,1520.0,1212.85,0.00990713628133138,0.017832845306396485,0.03467497698465983,0.9164101060231526,0.35436348944976265
179.33,48821,1.6402840950090747,1.9777111730382801,0.6642366939753512,0.41797441929870643,0.9410324775146574,0.9455139121831446,1.0662010364706875,0.05957315050169317,1520.0,1220.525,0.009962902016109892,0.017933223628997803,0.03487015705638462,0.921568436490165,0.3552783764039005
180.33,49126,1.6313108692898706,1.965852877158535,0.66302429048201,0.41903676628082365,0.9410574230737341,0.9454915392910885,1.0639026291306086,0.05956232813285535,1520.0,1228.15,0.010018460657861498,0.018033229184150693,0.03506461230251524,0.9267076108521884,0.3561813713387001
181.33,49420,1.6227559644317004,1.9545560887680615,0.6618630183200378,0.42005431034388796,0.9410813401381734,0.9454700898211231,1.0607160146159051,0.059551899800241864,1520.0,1235.5,0.01007408074537913,0.018133345341682434,0.03525928260882695,0.9318524689475695,0.35704628379230474
182.34,49722,1.6140634548172588,1.943086294375419,0.6606776068807342,0.42109300601907185,0.9411057777870955,0.9454481744853702,1.0596951791909266,0.05954119150483256,1520.0,1243.05,0.010129791445202298,0.018233624601364136,0.03545427005820804,0.9370057086812126,0.35792917511621103
183.34,50017,1.605664040823946,1.932011587350571,0.6595268676115159,0.42210132082232993,0.9411295229570216,0.9454268811312487,1.0600901584678406,0.05953073513244945,1520.0,1250.425,0.010185456262694466,0.018333821272850034,0.03564909691943062,0.942154704299238,0.3587862426989804
184.34,50313,1.5973256762405044,1.9210255028486698,0.6583792736776075,0.42310687958150484,0.9411532247627657,0.9454056276233163,1.0623238236898016,0.05952024700539022,1520.0,1257.825,0.01024103073279063,0.018433855319023133,0.0358436075647672,0.9472953427831332,0.3596409676442791
185.34,50615,1.5889092163135865,1.909944751814333,0.6572155887970605,0.4241265377462777,0.9411772805111676,0.9453840577137571,1.0648576721805096,0.05950955008920003,1520.0,1265.375,0.010296681059731378,0.018534025907516478,0.03603838370905982,0.9524429980251524,0.360507677084336
186.34,50899,1.581076860204075,1.899640443976217,0.6561277786763828,0.4250797120031694,0.9411997871226792,0.9453638777526694,1.0746479856945648,0.05949949424491851,1520.0,1272.475,0.010352370633019341,0.018634267139434814,0.03623329721556769,0.957594283554289,0.361317875202694
187.34,51197,1.5729429774557144,1.8889470471930419,0.6549930398413457,0.42607400671075946,0.941223284260418,0.9453428105844821,1.0816713854035565,0.05948894634322578,1520.0,1279.925,0.010408019622166953,0.018734435319900513,0.03642806867758433,0.962741815050443,0.36216302570414555
188.35,51479,1.5653243458661747,1.8789380736652153,0.6539254549549587,0.42700945896608217,0.9412454087655548,0.9453229749583769,1.0989098663386239,0.05947896821525105,1520.0,1286.975,0.010463624940978156,0.01883452489376068,0.03662268729342354,0.9678853070404794,0.3629581601211698
189.35,51772,1.557488175668616,1.8686504211166974,0.6528225540257341,0.4279758562753699,0.9412682830730357,0.9453024679783464,1.1118474429432188,0.05946860441457823,1520.0,1294.3,0.01051928480466207,0.01893471264839172,0.036817496816317234,0.9730338444312413,0.3637795978340644
190.35,52054,1.550021690984901,1.858854827953332,0.6517670666880403,0.4289007082689679,0.9412901907445916,0.9452828284311303,1.1095216311863472,0.05945863310880243,1520.0,1301.35,0.010574909038013884,0.019034836268424987,0.037012181633048584,0.9781790860162841,0.3645657220286227
191.35,52356,1.542106521154931,1.848477759139366,0.6506431667364161,0.42988550559788286,0.9413135360102924,0.9452619010264459,1.1020160001444592,0.059447958325539604,1520.0,1308.9,0.010630546198950874,0.01913498315811157,0.03720691169632805,0.9833255234029558,0.3654027997582004
192.35,52661,1.5341962809185203,1.8381145408787365,0.6495147730741377,0.4308742404607774,0.941336992515539,0.9452408748395077,1.0966315625469314,0.0594371813909325,1520.0,1316.525,0.010686259349187216,0.019235266828536986,0.03740190772215525,0.9884789897998173,0.36624322439166074
193.36,52964,1.526419745749276,1.8279337011676267,0.6484003223903924,0.431850758036896,0.9413601763853688,0.9452200939624664,1.0903677223294737,0.05942647899306558,1520.0,1324.1,0.010741967135005527,0.01933554084300995,0.03759688497251934,0.9936319599880112,0.36707326433136156
194.36,53251,1.5191279104591646,1.818393924093188,0.6473506512950781,0.4327705136516292,0.9413820279220133,0.9452005081623202,1.0770228470419239,0.05941634529200337,1520.0,1331.275,0.010797677848074172,0.01943582012653351,0.0377918724682596,0.998785200946861,0.36785505660388484
195.36,53562,1.5113063871459986,1.8081681767689242,0.6462196253217847,0.4337615550301996,0.9414055892460219,0.9451793907711464,1.0756769196449765,0.05940536807441173,1520.0,1339.05,0.010853369659847685,0.01953606538772583,0.03798679380946689,1.0039366935359106,0.36869744177566965
196.36,53868,1.503690656488859,1.798218464265659,0.6451132115730915,0.4347310303850238,0.9414286536825869,0.9451587196439397,1.0724815797006815,0.05939457129750761,1520.0,1346.7,0.010909140706062317,0.01963645327091217,0.03818199247121811,1.0090955153107644,0.36952149582727023
197.37,54175,1.4961285728197153,1.7883456700703793,0.6440094981153437,0.4356981396579682,0.9414516770062832,0.9451380862681188,1.0699785746259929,0.05938374318013444,1520.0,1354.375,0.010964744514889187,0.019736540126800536,0.03837660580211215,1.0142388676272498,0.37034353870927295
198.37,54483,1.4886196763709874,1.7785490609747507,0.6429084562867173,0.43666290796344587,0.941474659280829,0.9451174905816823,1.0679029527112724,0.059372883758716855,1520.0,1362.075,0.011020403544108074,0.019836726379394532,0.03857141240437825,1.0193873278299967,0.371163591768929
199.37,54783,1.4813796006157012,1.7691095491510156,0.6418419623373022,0.437597404304664,0.9414969340040896,0.9450975298304005,1.0639667046564905,0.05936231021780697,1520.0,1369.575,0.01107612074746026,0.019937017345428465,0.03876642261611091,1.024541169140074,0.37195791365896436
200.37,55077,1.4743539058811055,1.7599555384264283,0.6408024153533425,0.43850828884701637,0.9415186583859786,0.9450780630639709,1.0605365169370642,0.059351951800872514,1520.0,1376.925,0.011131843951013354,0.020037319111824037,0.03896145382854674,1.0296955654687352,0.3727321655199639
201.38,55373,1.4673489693690072,1.7508344615248264,0.6397613370742459,0.43942051515947783,0.9415404267279227,0.945058557712815,1.0591687938677716,0.059341526569828176,1520.0,1384.325,0.011187554399172467,0.020137597918510438,0.03915644039710363,1.034848781923453,0.3735075578855561
202.38,55657,1.4606917404034325,1.7421715887094473,0.6387676204295762,0.4402912416827371,0.9415612155772219,0.9450399307823517,1.0614042715978027,0.05933152742540741,1520.0,1391.425,0.01124313857820299,0.02023764944076538,0.03935098502371046,1.0399903184837764,0.3742476754303265
203.38,55951,1.4538648965119771,1.7332935318782647,0.6377441615880675,0.44118802927661116,0.9415826373176601,0.9450207375483407,1.0657080070020484,0.05932117974763137,1520.0,1398.775,0.011298823131455317,0.020337881636619568,0.0395458809600936,1.0451411396596166,0.37500994488511946
204.38,56258,1.4468055181471824,1.724118972190007,0.636681068792663,0.44211954541716275,0.941604899696667,0.9450007919562565,1.0678237741723424,0.05931037837106263,1520.0,1406.45,0.011354449179437426,0.020438008522987366,0.03974057212803099,1.0502865490979618,0.3758017336045883
205.38,56566,1.439793270353299,1.7150116126808357,0.6356202040625141,0.44304910925519025,0.9416271262425705,0.944980879310835,1.069856818173804,0.05929954576286941,1520.0,1414.15,0.011410152157147725,0.020538273882865905,0.039935532550017035,1.0554390745361646,0.3765918628669117
206.38,56858,1.433209202712682,1.7064657693388539,0.6346196404125968,0.4439258353449316,0.9416480989209006,0.9449620907707534,1.0784374653064481,0.05928927954093352,1520.0,1421.45,0.01146573661433326,0.020638325905799865,0.04013007815016641,1.0605806368258264,0.37733708004319183
207.39,57118,1.4273983019333105,1.6989278193521615,0.6337329247069847,0.44470280419979424,0.941666692672083,0.9449454340382359,1.1081200065803776,0.05928014137564558,1520.0,1427.95,0.011521419962247214,0.02073855593204498,0.04032496986786525,1.0657313465078673,0.3779975035698251
208.39,57418,1.4207530206042274,1.6903125164819426,0.6327146409788822,0.4455950571926552,0.9416880535615718,0.944926299163354,1.1171616448314026,0.05926960083844673,1520.0,1435.45,0.011577041506767274,0.02083867471218109,0.040519645273685456,1.0708763393759728,0.3787559186137569
209.39,57712,1.4143017580129793,1.6819538741477735,0.6317216993726764,0.446465104602255,0.9417088909793371,0.9449076339584015,1.1111030241806172,0.05925927474805976,1520.0,1442.8,0.011632771372795106,0.02093898847103119,0.040714699804782865,1.0760313519835472,0.37949545891191677
210.39,57991,1.4082348094342971,1.6740977851572472,0.6307839138296992,0.4472868224931441,0.9417285779582001,0.9448899999435825,1.0902633751935047,0.05924947882586239,1520.0,1449.775,0.011688538100984362,0.02103936858177185,0.04090988335344526,1.0811897743410535,0.3801939191191725
211.39,58262,1.402392571289226,1.6665369059022699,0.629877156689044,0.44808135229875656,0.941747619756551,0.9448729444578526,1.0706755620385948,0.059239966890512856,1520.0,1456.55,0.01174411197503408,0.02113940155506134,0.041104391912619276,1.0863303576906522,0.38086926945394306
212.4,58522,1.3968338775333633,1.6593468431750895,0.6290109920408848,0.44884031365530347,0.9417658145405822,0.9448566482086842,1.0592559624223155,0.05923084391870397,1520.0,1463.05,0.011799798422389561,0.021239637160301205,0.04129929447836345,1.0914813540710342,0.3815143866070079
213.4,58799,1.3909610949882376,1.6517546078710539,0.6280922243451258,0.4496453674960562,0.941785119815539,0.9448393579593863,1.0611300519615448,0.059221127535857246,1520.0,1469.975,0.011855460113949246,0.02133982820510864,0.04149411039882236,1.0966300605403052,0.3821986823716478
214.4,59041,1.3858715343798842,1.6451783167680032,0.6272929103535372,0.45034575215462236,0.9418019194872326,0.9448243123027268,1.0860883787989797,0.059212641463503767,1520.0,1476.025,0.011911193450291952,0.021440148210525513,0.04168917707602183,1.1017853941520055,0.382794009331429
215.4,59330,1.3798431797439377,1.6373930965324333,0.6263424184473464,0.4511786037701236,0.941821901560616,0.9448064171375482,1.1001084172635907,0.05920251045550223,1520.0,1483.25,0.011966775973637898,0.021540196752548216,0.04188371590773264,1.1069267775615057,0.383501933204605
216.41,59613,1.373991719315022,1.6298405812558665,0.625415891707707,0.4519904563349774,0.941841384736277,0.9447889694205048,1.1197060080332824,0.05919259313880828,1520.0,1490.325,0.012022512157758077,0.021640521883964536,0.042078792552153264,1.112082374592622,0.3841920078847308
217.41,59915,1.3678031100908603,1.621857476681925,0.6244317188165645,0.4528528203140727,0.9418620850606375,0.9447704324218194,1.1134418958751946,0.059182013659242506,1520.0,1497.875,0.012078075422181025,0.021740535759925843,0.042273263977633584,1.1172219765517448,0.38492501726696177
218.41,60225,1.361509562859022,1.6137438316723842,0.6234263060837406,0.4537337953264047,0.9418832369998545,0.944751491758921,1.1107611869012621,0.05917115786117286,1520.0,1505.625,0.012133784241146512,0.02184081163406372,0.042468244844012785,1.1223750423060523,0.385673846027444
219.41,60528,1.355415081511341,1.6058914679872118,0.6224482621815972,0.4545907888879761,0.9419038174810932,0.9447330635436484,1.1037828492774535,0.059160551042033514,1520.0,1513.2,0.012189508861965605,0.021941115951538085,0.042663281016879606,1.1275295697318184,0.38640229055477965
220.41,60828,1.3494356414989837,1.598191777017686,0.6214843854485901,0.45543536871974577,0.9419241036444654,0.9447148995728977,1.0954186587754413,0.059150052986636684,1520.0,1520.7,0.012245105465253195,0.022041189837455746,0.042857869128386177,1.1326722555359203,0.3871201834117839
221.41,61126,1.3435492145950167,1.590616169378158,0.6205312931200255,0.45627049890906846,0.9419441661691568,0.9446969365345226,1.0865164244536254,0.059139628606217444,1520.0,1528.15,0.01230075498421987,0.022141358971595766,0.04305264244476954,1.137819836040338,0.38783004407270816
222.42,61427,1.337656575354147,1.583036857002497,0.6195729579022591,0.457110223086739,0.941964342029001,0.9446788727123225,1.079975879633404,0.05912910301168543,1520.0,1535.675,0.012356428702672324,0.02224157166481018,0.043247500459353126,1.14296965499719,0.38854380962372814
223.42,61675,1.3328410596789362,1.5768461692952607,0.6187866119947617,0.45779924469243216,0.9419808989572641,0.9446640495045273,1.0601653406584461,0.05912043357580629,1520.0,1541.875,0.01241211113664839,0.022341800045967104,0.04344238897826937,1.1481202801399761,0.38912947798856734
224.42,61958,1.3273890435417692,1.5698406847996764,0.6178928291572487,0.45858240599583894,0.9419997198950778,0.9446471999244811,1.0590383824585403,0.05911054373600177,1520.0,1548.95,0.012467872487174141,0.02244217047691345,0.04363755370510949,1.153278205063608,0.38979516509646306
225.42,62246,1.3218873024495346,1.5627750475192899,0.6169870823813794,0.4593760504872907,0.9420187944911743,0.9446301238702903,1.0624474399365824,0.059100482560476474,1520.0,1556.15,0.012523430294460722,0.0225421745300293,0.043832006030612526,1.1584173022376167,0.39046976291419705
226.43,62489,1.317281332137089,1.5568627016732146,0.6162258263086028,0.46004308757187046,0.942034827292209,0.9446157713859809,1.090013682860298,0.05909199610733173,1520.0,1562.225,0.01257922179169125,0.02264259922504425,0.044027276270919374,1.1635780157314406,0.3910367444360899
227.43,62766,1.3120707494218646,1.5501774425833936,0.6153613314491428,0.46080058580578936,0.9420530353763931,0.9445994721295524,1.112098922910667,0.05908232522130382,1520.0,1569.15,0.012634851535161338,0.022742732763290405,0.04422198037306468,1.1687237670024238,0.3916806179349209
228.43,63065,1.3064933973678947,1.5430253622700822,0.6144320454535513,0.46161485611956066,0.9420726089434617,0.94458195116874,1.1187014271093831,0.05907188980237072,1520.0,1576.625,0.012690420111020407,0.02284275619983673,0.04441647038857142,1.1738638602693876,0.39237274770162656
229.43,63365,1.3009458736470099,1.5359153836398434,0.6135036379628889,0.46242835665902393,0.9420921645390024,0.9445644469460195,1.1095505163411419,0.05906142318654229,1520.0,1584.125,0.012746062768830195,0.022942912983894347,0.044611219690905674,1.179010806116793,0.3930642231601703
230.43,63661,1.2955192925257886,1.5289641328987151,0.6125914729357935,0.4632276250288775,0.9421113781883959,0.9445472494333209,1.0984453513287487,0.05905109976014763,1520.0,1591.525,0.012801681372854446,0.023043026471138,0.04480588480499056,1.1841555269890363,0.39374360127454583
231.43,63952,1.2902292766282417,1.5221913654111672,0.6116984100118701,0.46401015552081476,0.9421301893233548,0.9445304128068392,1.0855918246197078,0.05904095423331711,1520.0,1598.8,0.012857314083311295,0.02314316534996033,0.045000599291589526,1.1893015527062947,0.3944087521926925
232.43,64262,1.2846422031703126,1.5150420864954748,0.6107510148900085,0.46484029363416557,0.9421501443736504,0.9445125529941538,1.083454709239466,0.059030150118125166,1520.0,1606.55,0.012913043869866265,0.023243478965759276,0.04519565354453192,1.1944565579626294,0.3951143695890407
233.44,64532,1.2798161642303585,1.5088697898390735,0.6099291666038933,0.46556042356723476,0.9421674543052251,0.9444970611171939,1.0659859228542012,0.059020743303562016,1520.0,1613.3,0.012968776067097981,0.023343796920776365,0.045390716234842934,1.1996117862065632,0.39572648003214955
234.44,64810,1.2748856837081615,1.5025669404744093,0.6090861409951358,0.46629910975234534,0.9421852093147649,0.9444811714382788,1.0592477144358872,0.05901106090068445,1520.0,1620.25,0.013024430685573156,0.02344397523403168,0.04558550739950604,1.2047598384155167,0.3963543632894935
235.44,65083,1.270081501487825,1.4964284871800249,0.6082613753109717,0.46702179600352967,0.9422025785535469,0.9444656275202834,1.0606139931090999,0.05900155573286768,1520.0,1627.075,0.013080017063352798,0.023544030714035033,0.04578005972173479,1.2099015783601337,0.3969686466030002
236.44,65387,1.2647751264822544,1.4896517477736855,0.6073465237996674,0.467823418357356,0.9422218432737673,0.944448387915982,1.0623759572102756,0.05899097482638694,1520.0,1634.675,0.013135629958576625,0.023644133925437925,0.045974704855018186,1.2150457711683378,0.3976500256037526
237.44,65653,1.260169061876546,1.4837722519126546,0.6065490773349214,0.46852216662876545,0.942238633999417,0.9444333627538142,1.0785294506033565,0.058981719645818324,1520.0,1641.325,0.013191363785001967,0.023744454813003538,0.04616977324750688,1.220201150112682,0.39824396163445064
238.45,65896,1.255991114754689,1.4784415535146707,0.6058230418372141,0.46915834231131287,0.9422539195393437,0.9444196849224613,1.1194315414344462,0.058973267263172695,1520.0,1647.4,0.01324709701538086,0.02384477462768555,0.046364839553833005,1.2253564739227296,0.39878471096461593
239.45,66165,1.251399018847867,1.4725849851586688,0.6050220319382784,0.46986021297850733,0.9422707815846783,0.94440459686107,1.0930093744882066,0.058963913335128994,1520.0,1654.125,0.013302695949872335,0.0239448527097702,0.046559435824553165,1.230499375363191,0.3993813010317312
240.45,66412,1.2472125834457808,1.4672481073057815,0.6042890121630589,0.4705025085099155,0.9422862103771688,0.9443907916898275,1.0644864664400333,0.058955327025186945,1520.0,1660.3,0.013358411047193739,0.02404513988494873,0.04675443866517808,1.2356530218654207,0.3999272522334281
241.45,66689,1.2425515733752353,1.4613088559890057,0.6034697551257862,0.4712203679073067,0.9423034518362872,0.9443753650837268,1.058673982683686,0.058945700817812634,1520.0,1667.225,0.013414001385370891,0.024145202493667604,0.04694900484879812,1.2407951281468075,0.4005374327212107
242.45,66977,1.2377430442716748,1.4551845214791057,0.602621061144209,0.4719640209032122,0.9423213097916229,0.9443593874074623,1.059417161139324,0.058935695674967425,1520.0,1674.425,0.013469611671235827,0.024245301008224487,0.04714364084932539,1.245939079589314,0.40116953776773034
243.46,67267,1.232939372246825,1.4490693093126426,0.6017696260930772,0.47271007571252815,0.9423392220729521,0.9443433616700958,1.0633703758282047,0.058925624483283603,1520.0,1681.675,0.013525460733307732,0.024345829319953917,0.04733911256657706,1.2511051178309651,0.4018036843556489
244.46,67545,1.228370081042075,1.443255197692075,0.6009563580445929,0.4734226873650883,0.9423563280192849,0.9443280578528829,1.0753468782478803,0.05891597326136126,1520.0,1688.625,0.013581052263577779,0.02444589407444,0.04753368292252222,1.2562473343809444,0.40240940426032507
245.46,67850,1.2233966284426292,1.43692984437759,0.600067369626865,0.4742016476434917,0.9423750225637393,0.9443113333670823,1.0793687168429908,0.05890538832686056,1520.0,1696.25,0.013636699729495577,0.02454605951309204,0.04772844905323452,1.2613947249783408,0.4030715204969679
246.46,68159,1.2183997084856175,1.430577825789645,0.5991701651227682,0.47498780712134214,0.942393885261746,0.9442944590503444,1.081804511730676,0.05889466845140153,1520.0,1703.975,0.013692362719111973,0.02464625289440155,0.0479232695168919,1.2665435515178574,0.40373975605314083
247.46,68459,1.2135880425239542,1.424464317319709,0.5983023671880447,0.47574819961617104,0.942412125000987,0.9442781425995362,1.0891192411638158,0.0588842645375639,1520.0,1711.475,0.013747964753044975,0.024746336555480954,0.04811787663565741,1.2716867396566602,0.40438608967374534
248.47,68759,1.2088150212589195,1.418402838466521,0.5974377558452033,0.4765057999165797,0.9424302928566294,0.9442618910149001,1.0970508353880977,0.0588738642988411,1520.0,1718.975,0.01380367636680603,0.024846617460250856,0.04831286728382111,1.2768400639295578,0.40503004992909275
249.47,69064,1.2040015829235673,1.4122929908104935,0.5965619614272675,0.47727319918749833,0.9424486904130642,0.944245434529257,1.1024670503374734,0.05886329448830259,1520.0,1726.6,0.013859233525064258,0.02494662034511566,0.0485073173377249,1.2819791010684438,0.4056823393093736
250.47,69373,1.1991647605899534,1.4061564581612038,0.5956779588070236,0.47804779074959597,0.942467254700964,0.9442288294867817,1.1056136471088376,0.058852589926845396,1520.0,1734.325,0.013914833943049112,0.0250467010974884,0.048701918800671894,1.287122139732043,0.40634074213715654
251.47,69680,1.1943983717265683,1.400112228416145,0.5948029049353676,0.47881454113001737,0.9424856251292667,0.9442123984210171,1.1100914892922316,0.05884195850550995,1520.0,1742.0,0.013970493740505643,0.02514688873291016,0.04889672809176975,1.292270670996772,0.40699247996051474
252.47,69989,1.1896398290851962,1.3940808668743172,0.593925358709283,0.47958347539164686,0.94250404165547,0.9441959266997523,1.1133770311756912,0.05883126170203717,1520.0,1749.725,0.0140261609421836,0.025247089695930477,0.049091563297642596,1.2974198871519829,0.4076460740828998
253.47,70298,1.1849198323094317,1.38810124624104,0.5930509919922662,0.480349623665046,0.942522384961532,0.944179521039616,1.1167059980296994,0.05882056878697483,1520.0,1757.45,0.014081900689336988,0.025347421240806578,0.04928665241267945,1.3025758137636714,0.4082973001152891
254.48,70600,1.1803435550326546,1.3823064464419312,0.5921994681266491,0.4810957562964739,0.9425402425402089,0.9441635503477794,1.1151074689852145,0.05881012186147913,1520.0,1765.0,0.014137579414579604,0.025447642946243288,0.049481527951028614,1.3077260958486134,0.4089315128520028
255.48,70903,1.1757882390040089,1.3765408788780982,0.591348103963558,0.48184174899140586,0.9425580900792696,0.9441475891763091,1.1079540110000388,0.05879964407219079,1520.0,1772.575,0.014193168931537204,0.025547704076766965,0.04967609126038021,1.3128681261671913,0.409565606642695
256.48,71213,1.1711646739643788,1.3706916778388742,0.5904801229975516,0.48260230186413877,0.9425762788007227,0.944131323440192,1.105341000644618,0.058788928084945416,1520.0,1780.325,0.01424885063701206,0.025647931146621703,0.0498709772295422,1.3180186839236154,0.4102120765845179
257.48,71522,1.166592807361801,1.3649106054964368,0.5896179768759087,0.4833577420583494,0.9425943378159738,0.9441151742534667,1.1021628694767258,0.05877825055170381,1520.0,1788.05,0.014304483294487,0.025748069930076598,0.0500656915307045,1.3231647047400474,0.410854200749597
258.48,71820,1.1622180659524295,1.3593813368487577,0.5887893582020667,0.4840838044231617,0.9426116873059557,0.9440996600782683,1.0927559880928936,0.05876795679814037,1520.0,1795.5,0.014360108839140998,0.025848195910453793,0.05026038093699349,1.3283100676205424,0.4114713537596874
259.48,72112,1.1579637635160331,1.3540066786168592,0.587980093142444,0.4847929085279789,0.9426286244882099,0.9440845150882714,1.081041093371375,0.05875787379806372,1520.0,1802.8,0.014415798279974197,0.025948436903953553,0.05045529397990968,1.333461340897613,0.41207409224878205
260.49,72407,1.1536979050801432,1.3486197872362289,0.5871651670520636,0.48550697301024,0.9426456728468707,0.9440692711781755,1.0726756575994025,0.05874769071835926,1520.0,1810.175,0.01447142537434896,0.026048565673828124,0.050649988810221355,1.3386068471272787,0.41268104705870395
261.49,72702,1.1494639980151267,1.3432755895883304,0.5863528778825915,0.48621872693748824,0.9426626585210086,0.9440540838090314,1.0660724196928049,0.05873751116761758,1520.0,1817.55,0.014527092231644527,0.026148766016960145,0.050844822810755835,1.3437560314271186,0.41328603789686497
262.49,73001,1.1452049159468423,1.3379019760635118,0.585532235065533,0.486937800599752,0.9426798110244642,0.9440387477705587,1.0621173285799657,0.05872719718825186,1520.0,1825.025,0.014582663668526544,0.026248794603347777,0.0510393228398429,1.3488963893387054,0.4138972505097892
263.49,73296,1.1410342544799268,1.3326422190891551,0.5847251661181843,0.4876449804002766,0.942696671895909,0.9440236729672065,1.0591653245164065,0.05871702473772268,1520.0,1832.4,0.014638307558165656,0.02634895360469818,0.051234076453579795,1.3540434491303233,0.4144983533402351
264.49,73607,1.1366708177218863,1.327141783854477,0.583877083581182,0.4883880976287562,0.9427143808995503,0.944007840394143,1.0587977915860884,0.058706304376301706,1520.0,1840.175,0.014694004893302918,0.02644920880794525,0.05142901712656021,1.3591954526305199,0.41513000298444275
265.49,73914,1.1323967680528448,1.3217564468275553,0.5830426551965633,0.48911925064923256,0.9427317958443913,0.9439922712412464,1.0582297343035767,0.05869572573603014,1520.0,1847.85,0.014749698241551718,0.02654945683479309,0.05162394384543101,1.364347087343534,0.41575148305184767
266.49,74223,1.1281278595041557,1.3163799806948178,0.5822055142539487,0.48985278050037345,0.942749258248059,0.9439766601769496,1.0580261509575635,0.05868508202863149,1520.0,1855.575,0.014805260936419169,0.0266494696855545,0.051818413277467085,1.369486636618773,0.4163749834253174
267.5,74530,1.1239189742159308,1.3110814552472974,0.5813764665540575,0.49057921879162536,0.9427665425612237,0.9439612088323424,1.0580433262270335,0.05867451103465479,1520.0,1863.25,0.014860852042833965,0.026749533677101135,0.05201298214991887,1.3746288139621416,0.41699245597288154
268.5,74833,1.1197962241924038,1.3058936246361423,0.5805608054086813,0.49129392735274363,0.9427835385617558,0.9439460157201868,1.058757699930918,0.05866408150705369,1520.0,1870.825,0.014916409757402209,0.026849537563323974,0.05220743415090772,1.3797679025597043,0.4175999582498321
269.5,75139,1.1156638501136693,1.3006959310911632,0.5797396450238709,0.49201345452453804,0.9428006396882727,0.9439307291287231,1.0596582221221014,0.058653552479120505,1520.0,1878.475,0.014971995327207777,0.026949591588973996,0.05240198364522722,1.3849095677667194,0.4182115563458573
270.5,75447,1.111535764670174,1.2955058812950244,0.5789157030070189,0.49273541905190016,0.942817788982039,0.9439153999796597,1.0605266218178124,0.05864295844995706,1520.0,1886.175,0.015027559571795994,0.027049607229232785,0.05259645850128597,1.3900492603911294,0.4188252261941151
271.5,75753,1.1074652266419234,1.2903903876448262,0.5780996511485392,0.49345046996842123,0.9428347641990137,0.9439002269236056,1.0620581797305964,0.058632437002312666,1520.0,1893.825,0.015083188758956062,0.027149739766120912,0.05279116065634622,1.3951949602034357,0.41943301947315803
272.5,76059,1.103424983900131,1.2853151339034976,0.5772861026997942,0.4941633273167192,0.9428516773697103,0.9438851098134251,1.0640083713975677,0.0586219193294108,1520.0,1901.475,0.015138766407966615,0.027249779534339904,0.052985682427883145,1.4003358927369118,0.4200389482192113
273.5,76370,1.0993494154432812,1.2801976955196928,0.5764617975519152,0.49488561003118053,0.9428688037989095,0.9438698025863053,1.064863127100316,0.05861123366478084,1520.0,1909.25,0.015194392098320856,0.02734990577697754,0.05318037234412299,1.4054812690946792,0.42065288852650345
274.5,76644,1.0957840807234844,1.2757227325229024,0.5757376571108688,0.49552012520405797,0.9428838403472534,0.9438563636595192,1.0800372687376951,0.05860182251245715,1520.0,1916.1,0.01525014494525062,0.027450260901451112,0.05337550730837716,1.4106384074356821,0.4211922264234493
275.5,76930,1.092087670295519,1.2710850345357434,0.574983875261295,0.4961806131335859,0.9428994835075024,0.9438423829803375,1.0949586024594187,0.05859200241606181,1520.0,1923.25,0.015305754039022658,0.027550357270240782,0.05357013913657929,1.4157822486095957,0.421753641163548
276.5,77215,1.0884293972052075,1.2664969740750123,0.5742348139660726,0.4968369647613821,0.9429150195704206,0.9438284984279363,1.1127657140894984,0.0585822199290514,1520.0,1930.375,0.015361315329869589,0.027650367593765258,0.05376460365454355,1.4209216680129368,0.4223115400471748
277.5,77486,1.0849739360997912,1.262164908322384,0.5735244598952592,0.49745939987271914,0.9429297442663123,0.9438153393711068,1.0988320938556426,0.05857292101458692,1520.0,1937.15,0.015416924741533068,0.02775046453475952,0.05395923659536573,1.4260655385918086,0.42284060989181127
278.51,77775,1.081313528257728,1.2575776391717222,0.5727689560588554,0.4981213966625582,0.9429453955713512,0.9438013526326887,1.0848094812789308,0.058563007712212366,1520.0,1944.375,0.01547264798482259,0.027850766372680663,0.05415426794687907,1.4312199385960895,0.4234033071631745
279.51,78052,1.0778286704722202,1.2532120327062528,0.5720467722238387,0.4987541973942267,0.9429603475174757,0.9437879912625362,1.0688317073618279,0.05855350918383075,1520.0,1951.3,0.015528217011027868,0.02795079061985016,0.05434875953859753,1.4363600735200777,0.4239411877850927
280.51,78332,1.0743292710609669,1.2488298418470019,0.5713186871541458,0.49939216897774735,0.9429754125085037,0.943774529256953,1.0600683618882731,0.05854391091422004,1520.0,1958.3,0.015583862145741782,0.028050951862335204,0.05454351751009623,1.4415072484811147,0.42448346363108524
281.51,78617,1.0707910963590133,1.244400758944635,0.5705795638127907,0.5000398126503476,0.9429906963744004,0.9437608720595199,1.0577753118816757,0.058534144477944555,1520.0,1965.425,0.01563945726553599,0.028151023077964785,0.05473810042937596,1.4466497970620793,0.4250339607527954
282.51,78896,1.0673503512576081,1.2400952459114183,0.5698579007837875,0.5006721570350163,0.9430056097987256,0.9437475462596365,1.0615984849848359,0.05852458680668165,1520.0,1972.4,0.015695108400450814,0.028251195120811465,0.054932879401577844,1.4517975270417003,0.4255714534797639
283.51,79167,1.0640297817783313,1.2359416172610374,0.5691587128768006,0.501284807994041,0.9430200497922893,0.943734643850683,1.0755136581772802,0.058515306178296415,1520.0,1979.175,0.01575071570608351,0.028351288270950317,0.05512750497129228,1.4569412028127247,0.4260922067949348
284.52,79447,1.0606209885752156,1.2316791707408574,0.5684381320149129,0.5019162041490357,0.9430349222364403,0.9437213554088841,1.0927310552313876,0.0585057204282844,1520.0,1986.175,0.0158064517709944,0.028451613187789916,0.05532258119848039,1.4620967888169818,0.4266288935266803
285.52,79736,1.0571259011818857,1.227310440707421,0.567696318671646,0.5025662048879334,0.9430502228420148,0.9437076847991523,1.107713398949569,0.058495829857968126,1520.0,1993.4,0.015862092945310807,0.028551767301559446,0.055517325308587814,1.4672435974412494,0.4271813941547433
286.52,80034,1.053546477309151,1.2228379964323053,0.5669334357892353,0.5032346674355003,0.9430659472310106,0.94369363596626,1.1181059016974237,0.058485634778096415,1520.0,2000.85,0.015917683323224387,0.028651829981803892,0.05571189163128534,1.4723857073982556,0.4277495873201752
287.52,80312,1.0502294908700167,1.218695004824706,0.5662235950108564,0.5038566527834774,0.9430805683663616,0.9436805732032464,1.0978430864582522,0.05847612713524294,1520.0,2007.8,0.015973355637656318,0.02875204014778137,0.0559067447317971,1.4775353964832094,0.4282782748659557
288.52,80595,1.0468746449764945,1.214506234974143,0.5655027959528965,0.5044882401288967,0.9430954052684459,0.943667318041549,1.0809343937191365,0.05846645166618559,1520.0,2014.875,0.01602907310591804,0.028852331590652466,0.05610175587071313,1.4826892622974184,0.4288151241095622
289.53,80894,1.043353781038772,1.210111813555658,0.5647432084416901,0.5051538151660984,0.9431110296077801,0.9436533597939658,1.074106935439148,0.05845623265199368,1520.0,2022.35,0.01608479411072201,0.028952629399299618,0.056296779387527036,1.487843455241786,0.4293808628911836
290.53,81195,1.0398336660306335,1.2057200018914924,0.5639805578471186,0.5058220741755806,0.9431267054748975,0.9436393559295411,1.0691448972438413,0.058445948890725026,1520.0,2029.875,0.016140486929151748,0.029052876472473146,0.056491704252031115,1.4929950409465367,0.42994888304924345
291.53,81489,1.0364187092009658,1.2014609915162948,0.5632375784844961,0.5064730966181852,0.943141965816427,0.9436257236708945,1.062993237436698,0.058435907779143426,1520.0,2037.225,0.01619610497686598,0.02915298895835876,0.05668636741903092,1.498139710360103,0.4305022521254574
292.53,81783,1.0330265388715558,1.1972319639381452,0.5624964929003474,0.5071224596711085,0.9431571761264238,0.9436121364992578,1.0592516873457565,0.05842587011712948,1520.0,2044.575,0.016251799292034574,0.029253238725662233,0.056881297522121003,1.5032914345131982,0.4310542107204422
293.53,82083,1.029588391230601,1.192947209141066,0.5617422163814899,0.5077833810457919,0.943172645623239,0.9435983182020463,1.0578590281153188,0.05841563115891106,1520.0,2052.075,0.016307465659247507,0.029353438186645507,0.05707612980736627,1.5084405734803943,0.4316159938889231
294.54,82382,1.026184834875329,1.1887071446855229,0.5609923783582572,0.5084404132676825,0.943188012414394,0.9435845920497659,1.057712268188359,0.0584054299007007,1520.0,2059.55,0.01636311615837945,0.029453609085083005,0.057270906554328066,1.513588244650099,0.4321744712775301
295.54,82680,1.0228154044384834,1.1845111450491976,0.5602469410904313,0.5090935894059747,0.9432032773538942,0.9435709572715776,1.0591341802745613,0.05839526630487971,1520.0,2067.0,0.016418684336874222,0.029553631806373597,0.05746539517905977,1.5187283011608654,0.4327296709950785
296.54,82982,1.0194236753461217,1.180288937614659,0.5594934073789362,0.5097538599089277,0.9432186961452559,0.943557185472859,1.0610087675773818,0.058384969893154934,1520.0,2074.55,0.01647434006796943,0.02965381212234497,0.057660190237893,1.523876456287172,0.43329090092258854
297.54,83272,1.0161882231930557,1.1762627334876974,0.5587716073699522,0.5103863243198665,0.9432334542253027,0.9435440041878514,1.0674942428664802,0.05837508602722811,1520.0,2081.8,0.01652990444501241,0.029753828001022338,0.057854665557543435,1.5290161611636481,0.4338284956718865
298.54,83571,1.0128742011877114,1.1721402378891599,0.5580292275519771,0.5110368214221448,0.9432486213565852,0.9435304579407658,1.0729139349873118,0.05836489892385482,1520.0,2089.275,0.01658546761671702,0.029853841710090635,0.05804913665850957,1.5341557545463242,0.43438141820882303
299.54,83867,1.0096150559036645,1.1680874699851447,0.5572961003785193,0.5116792110593478,0.9432635876692052,0.9435170914337088,1.0809566169418117,0.058354817533811214,1520.0,2096.675,0.016641114433606465,0.029954005980491638,0.05824390051762263,1.539303085108598,0.4349274494004456
300.54,84167,1.0063336038513553,1.1640084314302863,0.5565548804059197,0.5123286918677592,0.9432787071749014,0.9435035884947431,1.0882721816597072,0.05834460346178404,1520.0,2104.175,0.01669671897093455,0.030054094147682186,0.05843851639827092,1.5444465048114457,0.4354795080875953
301.54,84467,1.0030738156385781,1.1599577824456422,0.5558154699208089,0.5129765871449647,0.9432937776221088,0.9434901297548135,1.0962015455593044,0.05833439296475019,1520.0,2111.675,0.016752428200509813,0.030154370760917665,0.058633498701784345,1.5495996085471577,0.43603021907322004
302.54,84762,0.9998892731726814,1.1560020416229062,0.5550901311256908,0.5136121523542686,0.9433085493699088,0.9434769381437451,1.1078112682703452,0.058324356126962046,1520.0,2119.05,0.016808047506544323,0.030254485511779783,0.05882816627290513,1.55474439435535,0.4365704495011283
303.55,85054,0.9967573408611492,1.1521130093673173,0.5543738602409551,0.5142397719684949,0.9433231247875312,0.9434639222241009,1.1160969498938365,0.058314424759441305,1520.0,2126.35,0.016863776538107132,0.030354797768592835,0.05902321788337495,1.5598993297749095,0.43710392617322064
304.55,85343,0.9936772076385872,1.148289612720524,0.5536665905734239,0.5148595044263535,0.9433375055767487,0.9434510804616785,1.1002396201840567,0.058304598756205,1520.0,2133.575,0.016919514497121174,0.03045512609481811,0.0592183007399241,1.5650550909837087,0.43763069876240046
305.55,85642,0.9905108424773801,1.1443605363024063,0.552936552117491,0.5154991876297997,0.943352337277608,0.9434378364113882,1.0914896926579092,0.058294436237473844,1520.0,2141.05,0.016975142929289075,0.030555257272720335,0.059413000252511755,1.5702007209592395,0.43817442948532975
306.56,85907,0.9877216682684833,1.1409006523103324,0.5522909643697635,0.5160648724032739,0.9433654429805659,0.9434261339110265,1.0687856568623926,0.05828543228372346,1520.0,2147.675,0.01703105492062039,0.030655898857116698,0.059608692222171356,1.575372580157386,0.43865526154278284
307.56,86179,0.984875411911132,1.1373710656007767,0.5516297152558551,0.5166442801701159,0.9433788565505871,0.9434141568079373,1.0587896487072541,0.05827619338184408,1520.0,2154.475,0.01708664519257016,0.03075596134662628,0.059803258173995545,1.5805146803127395,0.4391477581445985
308.56,86465,0.9819006256026825,1.1336832866210915,0.550935939550893,0.5172521887834453,0.9433929189030358,0.9434016007284795,1.0575660179618025,0.05826648210667748,1520.0,2161.625,0.01714228061834971,0.03085610511302948,0.05999798216422399,1.5856609571973483,0.43966448046592843
309.56,86757,0.9788822593724935,1.1299427324881208,0.5502291907996433,0.5178714647976839,0.9434072325195995,0.9433888206431136,1.0599226464157412,0.05825657043707945,1520.0,2168.925,0.017197865512635975,0.03095615792274475,0.0601925292942259,1.5908025599188276,0.4401908650780313
310.56,87025,0.9761285676645923,1.1265312795682076,0.5495819257414435,0.5184386192846059,0.9434203310056488,0.9433771258060901,1.0734549107183762,0.05824747639257588,1520.0,2175.625,0.01725348871284061,0.031056279683113096,0.060387210494942126,1.5959477059377563,0.44067294639191495
311.57,87321,0.9731054606272025,1.1227872667308945,0.5488685744501708,0.5190636806570245,0.9434347552383178,0.943364247627539,1.0816540670134018,0.058237435523121425,1520.0,2183.025,0.017309174047576058,0.0311565132856369,0.06058210916651619,1.6010985994007851,0.4412042485584708
312.57,87611,0.9701620742574195,1.119143202643076,0.5481712360521754,0.5196747110167137,0.9434488438324116,0.9433516694528288,1.0946687484644593,0.058227601541442665,1520.0,2190.275,0.01736482814947764,0.03125669066905975,0.06077689852317174,1.6062466038266816,0.44172362436420665
313.57,87889,0.9673574602511219,1.115672064730972,0.5475041840513278,0.5202592034599537,0.9434623095039002,0.9433396477325314,1.1170588169323212,0.058218177600478975,1520.0,2197.225,0.017420449879434374,0.03135680978298187,0.060971574578020306,1.6113916138476796,0.44222044294096063
314.57,88155,0.9646893282628706,1.1123708586483214,0.5468672265374248,0.5208173261446442,0.9434751575317012,0.9433281777112996,1.0912213727573274,0.05820916330368831,1520.0,2203.875,0.017476045264138117,0.0314568814754486,0.0611661584244834,1.6165341869327756,0.4426948472229475
315.57,88423,0.9620162534091383,1.1090645298742983,0.5462267564501546,0.5213785266592292,0.9434880663753983,0.9433166536787535,1.0696088688137535,0.05820008405283603,1520.0,2210.575,0.017531633456548054,0.0315569402217865,0.06136071709791818,1.621676094730695,0.44317186766034483
316.57,88686,0.9594076776005722,1.1058389392175692,0.5455994717264943,0.5219281737336304,0.9435006996567191,0.9433053759207986,1.057987132597399,0.058191176944098616,1520.0,2217.15,0.01758735806412167,0.031657244515419,0.06155575322442584,1.6268306209312544,0.44363906767358585
317.58,88975,0.9565577850882256,1.102316036571771,0.5449115753728402,0.5225309306700195,0.9435145424151434,0.9432930187705988,1.0576456598061317,0.058181392428107666,1520.0,2224.375,0.017643079280853274,0.031757542705535886,0.06175077748298645,1.6319848334789275,0.4441514110695166
318.58,89263,0.9537348567591809,1.0988275830120855,0.5442275074862674,0.5231303329802696,0.9435282964311973,0.9432807411605934,1.0611545623851004,0.05817164504138895,1520.0,2231.575,0.01769880368974474,0.031857846641540524,0.06194581291410658,1.6371393413013884,0.4446609030332291
319.58,89544,0.9509968488999201,1.0954451339278342,0.5435614485178943,0.523713955296478,0.9435416770842063,0.943268797143181,1.0710969896196831,0.05816213771774207,1520.0,2238.6,0.017754431830512153,0.03195797729492187,0.062140511406792526,1.6422849443223742,0.4451569820020063
320.58,89833,0.948197541101099,1.0919880405891642,0.5428778398203621,0.5243129552505041,0.9435553986734508,0.9432565491098506,1.082173567135151,0.05815236296405909,1520.0,2245.825,0.017810157087114125,0.03205828275680542,0.06233554980489943,1.6474395305580565,0.4456661319629285
321.59,90106,0.9455685837018566,1.0887423256738287,0.5422333836188525,0.5248776485267447,0.9435683235446173,0.9432450125272092,1.1054976825234022,0.05814313239042126,1520.0,2252.65,0.01786589835749732,0.03215861704349517,0.06253064425124062,1.652595598068502,0.44614612124773295
322.59,90378,0.9429639791095313,1.0855276318561362,0.5415925399576069,0.5254391763788767,0.9435811654843458,0.9432335502485478,1.1051752482981119,0.05813393854222076,1520.0,2259.45,0.01792167393366496,0.03225901308059692,0.06272585876782735,1.6577548388640087,0.4466234199220452
323.59,90633,0.9405353983450089,1.0825310500857899,0.5409928756627441,0.5259646215441452,0.9435931727186094,0.943222833252412,1.073673053679809,0.058125321949782344,1520.0,2265.825,0.017977331280708313,0.032359196305274965,0.0629206594824791,1.662903143465519,0.44707004831252345
324.59,90870,0.9382896406915275,1.079760787382831,0.5404365114319124,0.5264521257989814,0.9436043046900243,0.9432128976859525,1.0571874200241567,0.05811731587728904,1520.0,2271.75,0.01803300796614753,0.03245941433906555,0.06311552788151635,1.6680532368686465,0.44748442692913415
325.6,91151,0.9356410587307044,1.0764945301742166,0.5397780594247577,0.5270290826508147,0.9436174689691202,0.943201148504401,1.0604649732528122,0.058107826302556155,1520.0,2278.775,0.018088669816652934,0.032559605669975275,0.06331034435828527,1.6732019580403963,0.4479748402531925
326.6,91404,0.93326938450896,1.0735705957693624,0.5391863276302598,0.5275475771038249,0.9436292897554593,0.9431905986467352,1.0820012335345548,0.05809928495900179,1520.0,2285.1,0.01814439340432485,0.03265990812778473,0.06350537691513697,1.6783563899000484,0.44841556053825116
327.6,91698,0.930528701474006,1.0701927129228261,0.5385000133391202,0.5281489477860939,0.9436429885827654,0.9431783729645249,1.092825025458478,0.058089362598971156,1520.0,2292.45,0.018200097931755914,0.032760176277160644,0.0637003427611457,1.683509058687422,0.4489267256181798
328.6,91954,0.9281555710073073,1.0672686927378885,0.5379035458519789,0.528671591805495,0.9436548840896181,0.9431677569351441,1.1083728916041302,0.058080725480808726,1520.0,2298.85,0.018255742033322652,0.032860335659980776,0.06389509711662929,1.6886561380823455,0.44937097303467066
329.6,92215,0.9257487448885579,1.0643039665690868,0.5372965129185081,0.5292034936091933,0.9436669807412688,0.9431569616419091,1.0785338717826705,0.05807192231271966,1520.0,2305.375,0.01831136519379086,0.032960457348823545,0.06408977817826801,1.6938012804256546,0.44982308956781425
330.61,92486,0.9232631153738379,1.0612430292395874,0.5366673725946058,0.5297547666202796,0.9436795077191147,0.9431457825782941,1.0628428227039644,0.05806278468193099,1520.0,2312.15,0.018367004778650074,0.03306060860157013,0.06428451672527526,1.6989479420251317,0.45029167162723766
331.61,92776,0.9206182252403992,1.05798692910208,0.5359954119387293,0.5303435601851221,0.9436928757740416,0.9431338532314915,1.058455281325274,0.05805300959000747,1520.0,2319.4,0.018422704683409796,0.03316086843013763,0.06447946639193429,1.7041001832154061,0.45079214615735375
332.61,93054,0.9180972222399035,1.0548842668547143,0.5353524987526803,0.5309069014215287,0.9437056547670711,0.9431224498330963,1.0579062023002406,0.05804364207402411,1520.0,2326.35,0.018478379501236812,0.03326108310222626,0.06467432825432884,1.709250103864405,0.4512709862082994
333.61,93333,0.9155812440297456,1.0517886864563692,0.5347084866261265,0.5314712055849932,0.9437184445951307,0.9431110370430036,1.064519450515271,0.058034243900891486,1520.0,2333.325,0.018534058266215857,0.033361304879188536,0.06486920393175549,1.7144003896249667,0.4517506447472442
334.62,93622,0.9129898472559301,1.0486012519444448,0.5340426644699868,0.5320546203986971,0.9437316559384722,0.9430992484117209,1.0732986870317787,0.05802451208414013,1520.0,2340.55,0.018589723534054227,0.03346150236129761,0.06506403236918978,1.7195494269000158,0.4522465473388925
335.62,93900,0.9105111377476954,1.045553315556519,0.5334033985689977,0.5326147657664861,0.9437443291924564,0.9430879402015031,1.0911253250127009,0.05801515376195676,1520.0,2347.5,0.018645369450251262,0.03356166501045227,0.06525879307587941,1.7246966741482417,0.4527226709015132
336.62,94163,0.9081787511356475,1.0426861019334295,0.5327997132565572,0.5331437342768393,0.9437562870068185,0.9430772706199275,1.1146274284116524,0.0580063031635318,1520.0,2354.075,0.018701125648286607,0.03366202616691589,0.06545393976900311,1.7298541224665112,0.45317229413531335
337.62,94430,0.9058233013306659,1.0397913219776451,0.5321879210786175,0.5336798062837963,0.9437683953977778,0.9430664669303839,1.0864289055335594,0.05799732071717272,1520.0,2360.75,0.01875672682126363,0.033762108278274534,0.0656485438744227,1.7349972309668857,0.45362795534122685
338.62,94705,0.9034102431732288,1.0368265622242216,0.5315589224594064,0.534230955128669,0.943780833803054,0.9430553690447436,1.0689158648872028,0.05798807204157628,1520.0,2367.625,0.018812345875634087,0.033862222576141354,0.0658432105647193,1.740141993496153,0.45409643185936865
339.62,94984,0.9009754232517744,1.033835906465547,0.530921932955128,0.5347891058443566,0.9437934193166543,0.9430441401717313,1.0595338536861465,0.057978691853694676,1520.0,2374.6,0.018868034534984167,0.033962462162971496,0.06603812087244458,1.7452931944860353,0.4545708599677031
340.63,95240,0.8987530465894247,1.0311069301479854,0.5303384746319,0.5353003508154216,0.9438049375113834,0.9430338638023148,1.0594330050771383,0.057970087612299666,1520.0,2381.0,0.018923657933870953,0.034062584280967714,0.06623280276854833,1.750438358883063,0.45500541819310836
341.63,95514,0.896386740193113,1.0282019900557695,0.5297150658193455,0.5358466016917016,0.9438172341452652,0.9430228931685378,1.0704706877402965,0.05796088121419106,1520.0,2387.85,0.018979236880938215,0.03416262638568878,0.06642732908328375,1.7555794114867846,0.45546973143794633
342.63,95803,0.8939045961381338,1.0251557047577744,0.5290587241268636,0.5364217094178632,0.943830168921244,0.9430113534826804,1.0814260566090734,0.05795117398435277,1520.0,2395.075,0.019034838557243347,0.03426270940303802,0.06662193495035171,1.7607225665450097,0.45595857300518366
343.63,96100,0.8913682779264007,1.0220438432975396,0.5283854836639796,0.5370116243908174,0.943843424490771,0.9429995278966643,1.090541098450005,0.05794120142945876,1520.0,2402.5,0.019090475585725575,0.03436285605430603,0.0668166645500395,1.7658689916796153,0.4564600007321948
344.63,96373,0.8890498017964885,1.0192000629552342,0.5277677741332698,0.5375528813728194,0.9438555757722216,0.9429886877317988,1.1155711693062509,0.057932037764546286,1520.0,2409.325,0.019146099289258322,0.03446297872066498,0.06701134751240412,1.7710141842563947,0.4569200691668965
345.63,96634,0.8868446855700318,1.0164960419461446,0.5271782200853528,0.5380694676141486,0.9438671634165007,0.9429783506208615,1.0890014644617483,0.057923279607920264,1520.0,2415.85,0.01920183050632477,0.03456329491138458,0.06720640677213668,1.7761693218350412,0.4573591674720263
346.63,96898,0.8846255200373258,1.0137754975478253,0.5265828811892352,0.5385911227257522,0.9438788550519291,0.9429679209718858,1.0667657135546778,0.05791442347636185,1520.0,2422.45,0.01925744692484538,0.03466340446472168,0.06740106423695882,1.7813138405481974,0.4578025743168893
347.64,97146,0.8825511211344682,1.0112330668080103,0.5260245264689575,0.5390803711115377,0.9438898114850017,0.9429581473781482,1.057115113731986,0.05790610654658002,1520.0,2428.65,0.01931318533420563,0.034763733601570125,0.06759614866971969,1.7864696434140204,0.45821843544480706
348.64,97403,0.8804118624227263,1.0086117904383056,0.5254468264227294,0.5395865704948701,0.9439011384573739,0.942948043461632,1.0689368521908484,0.05789749031270701,1520.0,2435.075,0.019368899332152474,0.03486401879787445,0.06779114766253365,1.7916231882241038,0.4586487049206396
349.64,97667,0.8782252977217687,1.00593322971187,0.5248543580425422,0.5401057103679805,0.9439127453957934,0.9429376900343911,1.092581353332419,0.05788864206485854,1520.0,2441.675,0.019424560017055937,0.03496420803070068,0.06798596005969577,1.7967718015776741,0.4590899738127834
350.64,97956,0.8758443094379196,1.0030172817063574,0.5242069010243231,0.5406730330564529,0.9439254184733376,0.9429263858680219,1.107655624347941,0.057878959015006726,1520.0,2448.9,0.019480167455143402,0.03506430141925811,0.06818058609300189,1.8019154896007643,0.45957219809798494
351.65,98222,0.8736643935123367,1.0003482997294584,0.5236119965595136,0.5411943075053549,0.9439370526394597,0.9429160086320889,1.098750579688141,0.057870049450984146,1520.0,2455.55,0.019535856432384917,0.035164541578292845,0.0683754975133472,1.8070667199956048,0.46001528137955167
352.65,98492,0.871462960798121,0.9976536696990296,0.5230091445932875,0.5417225458109199,0.9439488321813484,0.9429055019599291,1.075465499196012,0.05786100871327677,1520.0,2462.3,0.01959146277109782,0.03526463298797607,0.06857011969884237,1.8122103063265484,0.4604642839392819
353.65,98762,0.8692727886441677,0.9949735177468794,0.5224072924860763,0.5422499080078191,0.9439605820802843,0.9428950219615884,1.0608869046670621,0.05785197079990408,1520.0,2469.05,0.019647137575679357,0.035364847636222836,0.06876498151487774,1.8173602257503403,0.46091254180664626
354.65,99019,0.8671984501082541,0.9924357529877156,0.5218353417884769,0.5427510696267452,0.9439717388453343,0.942885071208972,1.058113079058105,0.05784337066774267,1520.0,2475.475,0.019702836725446912,0.03546510610580444,0.06895992853906419,1.8225123971038393,0.46133852918273344
355.65,99263,0.8652383400475953,0.9900383086522895,0.5212931511304644,0.5432261545406665,0.9439823066515745,0.9428756459448189,1.079212463174,0.05783520792759908,1520.0,2481.575,0.019758509119351706,0.03556531641483307,0.06915478191773096,1.8276620935400327,0.4617423513595665
356.65,99550,0.8629443091264637,0.9872331468370794,0.520656437643289,0.5437840634012802,0.9439947062899109,0.9428645871387725,1.0936063928382274,0.05782560961988088,1520.0,2488.75,0.01981412302123176,0.03566542143821717,0.06934943057431114,1.8328063794639375,0.4622165738910881
357.66,99829,0.8607260569607784,0.9845213736488249,0.5200385303893249,0.5443254936347646,0.9440067288217509,0.9428538649093858,1.1152646385743614,0.057816281914211634,1520.0,2495.725,0.019869891590542265,0.03576580486297607,0.06954462056689792,1.8379649721251594,0.4626767895895499
358.66,100109,0.8585114896611816,0.9818148175547577,0.5194194508339611,0.5448679510764852,0.9440187634156678,0.9428431321675194,1.099896453528997,0.057806923800872954,1520.0,2502.725,0.01992556256718106,0.035866012620925904,0.0697394689851337,1.8431145374642477,0.4631378784150124
359.66,100394,0.8562692519781647,0.9790751697428334,0.5187903822692725,0.5454191612098378,0.9440309811582257,0.9428322363400232,1.0835331046992485,0.057797401688882345,1520.0,2509.85,0.019981255266401505,0.03596625947952271,0.06993439343240526,1.848266112142139,0.4636064070283621
360.67,100657,0.8542106457652952,0.9765605333272568,0.5182108219015722,0.5459269906667494,0.9440422275010384,0.942822207033683,1.0632588651143131,0.05778861739982214,1520.0,2516.425,0.020036969039175248,0.03606654427051544,0.07012939163711335,1.8534196361237103,0.464038062066737
361.67,100950,0.8519290447522627,0.9737742241921326,0.5175662178065961,0.5464918135320078,0.9440547249020717,0.9428110623049881,1.0588280923399915,0.05777883424445742,1520.0,2523.75,0.02009258310000102,0.03616664958000183,0.07032404085000356,1.8585639367500941,0.46451816150220665
362.67,101236,0.8497138807363122,0.9710697741257954,0.5169380908572425,0.5470421985916823,0.9440668915796245,0.9428002127574113,1.0567584044673364,0.05776928801048934,1520.0,2530.9,0.020148207942644755,0.036266774296760555,0.07051872779925664,1.8637092346946398,0.46498598880292996
363.67,101507,0.8476256833765774,0.9685209904526492,0.5163438836487471,0.5475628620821493,0.9440783909911624,0.9427899584698025,1.0625534214604284,0.05776024536330853,1520.0,2537.675,0.020203894416491192,0.03636700994968414,0.07071363045771917,1.8688602335254352,0.4654285527698269
364.67,101772,0.8455937919450317,0.9660415429625059,0.5157637455731117,0.5480711977453566,0.944089608508434,0.9427799557693581,1.0811918685462467,0.05775140565949647,1520.0,2544.3,0.02025947858227624,0.03646706144809723,0.07090817503796683,1.8740017688605521,0.4658606380835531
365.67,102045,0.8435108979570244,0.9635004849652897,0.5151670330328901,0.5485940564881575,0.9441011365839804,0.9427696763648422,1.1043977106957044,0.05774230192569033,1520.0,2551.125,0.020315206978056166,0.0365673725605011,0.07110322442319658,1.8791566454701953,0.4663050680149339
366.67,102325,0.8413854123479502,0.960908120788278,0.5145560047771218,0.5491294591219086,0.9441129307922859,0.942759159886637,1.1103203810599347,0.05773296774382835,1520.0,2558.125,0.020370795342657302,0.036667431616783146,0.07129778369930055,1.8842985691958005,0.46676016025362227
367.67,102595,0.8393461313586102,0.9584215183707624,0.513967738042073,0.5496449173782493,0.9441242756678957,0.9427490442845882,1.0844245180917007,0.05772396978320301,1520.0,2564.875,0.020426357573933074,0.03676744363307952,0.07149225150876574,1.8894380755888092,0.46719829977151184
368.67,102876,0.837234419912644,0.9558472399093284,0.5133564785923941,0.5501805225915495,0.9441360535808037,0.9427385427973851,1.0695895712555152,0.057714608216994416,1520.0,2571.9,0.020481936136881512,0.03686748504638671,0.07168677647908528,1.8945790926615396,0.46765356420281706
369.68,103162,0.8350962036664038,0.9532413172199422,0.512735356818605,0.550724769490817,0.94414801067805,0.9427278817849533,1.0610951521207668,0.057705083192369395,1520.0,2579.05,0.02053752884599898,0.03696755192279815,0.0718813509609964,1.8997214182549054,0.46811617406719436
370.68,103450,0.8329542318665868,0.9506314904791396,0.5121109196268829,0.551271921466039,0.9441600205742071,0.9427171739402287,1.0572254942599444,0.05769549473566502,1520.0,2586.25,0.020593185822168986,0.03706773447990417,0.07207615037759145,1.904869688550631,0.4685812532461331
371.68,103715,0.8309931702773119,0.9482426800153707,0.5115372570917582,0.5517745830521286,0.9441710441663362,0.9427073456842896,1.0604050808177026,0.057686674838278905,1520.0,2592.875,0.02064874341752794,0.03716773815155029,0.07227060196134778,1.9100087661213345,0.4690085155943093
372.68,104000,0.8288945596635163,0.945686944752969,0.5109212635612823,0.5523143364194678,0.944182870801127,0.9426968016917068,1.068788825581498,0.057677192297311955,1520.0,2600.0,0.020704406261444094,0.037267931270599367,0.07246542191505431,1.9151575791835784,0.4694673059565476
373.68,104282,0.8268286245666574,0.9431716358081114,0.5103127325693539,0.5528475508702265,0.9441945435856044,0.9426863950958282,1.0827413692130925,0.05766781264049877,1520.0,2607.05,0.02076013271013896,0.03736823887825012,0.07266046448548634,1.9203122756878535,0.46992053823969254
374.68,104562,0.8247876788263804,0.9406873694020377,0.5097094751134942,0.553376144478866,0.9442061048367334,0.9426760881620845,1.1019998420276735,0.057658502523912365,1520.0,2614.05,0.020815713657273187,0.03746828458309173,0.07285499780045615,1.9254535132977697,0.47036984280703603
375.69,104829,0.8228510138173595,0.9383306030165536,0.5091351102710565,0.5538794214492385,0.9442171027662868,0.9426662836431928,1.1043636482113386,0.05764962746231677,1520.0,2620.725,0.020871433920330473,0.037568581056594844,0.07305001872115664,1.9306076376305685,0.4707976282318527
376.69,105097,0.8209163753310549,0.9359768556089897,0.5085594578993146,0.5543838265942479,0.9442281159490842,0.9426564657312522,1.0786918508665475,0.05764072190791552,1520.0,2627.425,0.02092703527874417,0.0376686635017395,0.07324462347560459,1.9357507632838356,0.4712263726051107
377.69,105367,0.8189766329326595,0.9336174538655008,0.5079803802186429,0.5548912331052417,0.9442391851678954,0.9426465980716712,1.062432913576728,0.057631752676007494,1520.0,2634.175,0.020982786628935074,0.03776901593208313,0.07343975320127274,1.9409077631764942,0.4716576681394554
378.69,105643,0.8170033975497151,0.9312178839866455,0.5073893328031122,0.5554091278833628,0.9442504733696403,0.9426365354131065,1.0567336301342913,0.057622587012439795,1520.0,2641.075,0.02103837056954702,0.03786906702518463,0.07363429699341456,1.9460492776830993,0.4720978787008584
379.69,105920,0.8150327118518587,0.9288219899590655,0.5067970527953186,0.555928102698516,0.9442617751592582,0.9426264608578003,1.0592283022948925,0.05761339107072834,1520.0,2648.0,0.021093976577123006,0.03796915783882141,0.07382891801993051,1.951192833383878,0.4725390072937386
380.69,106145,0.8134390765265964,0.9268849220159511,0.506316625940654,0.5563490681790545,0.9442709352672803,0.9426182955825166,1.094682480620164,0.05760592360306621,1520.0,2653.625,0.02114969302548303,0.038069447445869445,0.07402392558919059,1.95634660485718,0.4728968279521963
381.7,106424,0.811471749087572,0.9244941497555036,0.5057217231295248,0.5568703411789486,0.9442822689598419,0.9426081929810738,1.1165336414939577,0.057596666631128224,1520.0,2660.6,0.021205376015769113,0.0381696768283844,0.07421881605519189,1.9614972814586429,0.4733399100021063
382.7,106700,0.8095350744297486,0.9221411890189137,0.5051341132617808,0.5573852238670047,0.9442934538476836,0.9425982232338356,1.0958757465081237,0.05758751212333941,1520.0,2667.5,0.02126097551981608,0.03826975593566894,0.07441341431935627,1.9666402355829875,0.473777560286954
383.7,106969,0.8076565430650211,0.9198594017513507,0.5045622600250295,0.5578863000875973,0.9443043294043985,0.9425885294144672,1.07287982385434,0.057578592594954674,1520.0,2674.225,0.021316660894287957,0.03836998960971832,0.07460831313000785,1.971791132721636,0.4742034750744577
384.7,107230,0.8058423335661253,0.9176562420855248,0.5040082150636859,0.5583717721238239,0.9443148574301895,0.942579145553875,1.0581637541887086,0.057569940971951755,1520.0,2680.75,0.021372281167242265,0.03847010610103607,0.07480298408534791,1.9769360079699094,0.47461612630525035
385.7,107499,0.8039811687222636,0.9153965692541589,0.5034380100804452,0.5588714040916143,0.9443256834369038,0.9425694962918175,1.0580199637434244,0.05756102688538536,1520.0,2687.475,0.021427982144885595,0.03857036786079407,0.07499793750709957,1.9820883484019174,0.47504081347787214
386.71,107773,0.802094375588835,0.9131063073111805,0.502858060516449,0.559379574574853,0.9443366849969188,0.9425596907614584,1.0675882189800747,0.05755194994697431,1520.0,2694.325,0.021483632140689428,0.03867053785324097,0.075192712492413,1.9872359730137719,0.475472758388625
387.71,108060,0.8001276950739329,0.9107196399047702,0.5022515148832033,0.5599110493904024,0.9443481808793668,0.9425494448673779,1.0786067620203983,0.05754244542008076,1520.0,2701.5,0.021539260943730675,0.03877066969871521,0.07538741330305736,1.9923816372950873,0.475924511981842
388.71,108339,0.7982252125416671,0.908411429228113,0.5016627742379778,0.5604269229021005,0.9443593293326284,0.9425395088387064,1.0975845971904246,0.057533208836499455,1520.0,2708.475,0.021595039327939353,0.03887107079029083,0.07558263764778773,1.9975411378343901,0.4763630044667854
389.71,108605,0.7964199226526614,0.9062216385899126,0.5011022862720389,0.5609180405064281,0.9443699336684324,0.942530057948264,1.108043005079428,0.05752440539218282,1520.0,2715.125,0.021650729298591617,0.0389713127374649,0.07577755254507064,2.0026924601197242,0.4767804544304639
390.71,108895,0.7944611861241562,0.9038462704520487,0.5004921360687511,0.561452673762321,0.9443814674956511,0.9425197788840854,1.0934224188439094,0.05751481072132889,1520.0,2722.375,0.021706362022293937,0.03907145164012909,0.07597226707802877,2.0078384870621893,0.4772348926979728
391.72,109166,0.7926396144736072,0.9016377578986663,0.499922813518208,0.561951532514166,0.9443922200484344,0.9425101963022182,1.0719401928281866,0.057505847559362895,1520.0,2729.15,0.021762038482560052,0.039171669268608086,0.07616713468896018,2.0129885596368045,0.4776589226370411
392.72,109450,0.7907397528071956,0.8993348542583373,0.4993270597912416,0.5624735511139175,0.9444034619834747,0.9425001777961497,1.0620019994766918,0.05749645742761792,1520.0,2736.25,0.02181776214970483,0.03927197186946869,0.07636216752396689,2.0181429988476967,0.4781026384468299
393.73,109687,0.7891613784128771,0.8974220505322703,0.49883058510281647,0.5629085782231618,0.9444128228518849,0.9424918358084188,1.0595967997744338,0.05748862364359559,1520.0,2742.175,0.02187361201975081,0.03937250163555145,0.07655764206912782,2.0233091118269497,0.4784724114896875
394.73,109946,0.7874437980310557,0.8953409701687041,0.498288734823251,0.5633833648865271,0.9444230313192518,0.9424827386472375,1.0780422185753198,0.05748006511361523,1520.0,2748.65,0.021929249432351857,0.03947264897823334,0.07675237301323148,2.0284555724925464,0.478875980153548
395.73,110213,0.7856811039092908,0.8932056889329876,0.49773092158139776,0.5638721388114806,0.9444335318749704,0.942473381378611,1.1041672743304292,0.05747124489464618,1520.0,2755.325,0.021984824061393737,0.03957268331050873,0.07694688421487808,2.0335962256789206,0.4792914379897585
396.73,110486,0.7838870749805351,0.8910329289397535,0.49716138189898595,0.564371187821261,0.9444442441234555,0.9424638356581315,1.1054774051127025,0.05746222926689359,1520.0,2762.15,0.022040521740913394,0.0396729391336441,0.07714182609319686,2.0387482610344887,0.4797156296480718
397.73,110765,0.7820622024272159,0.888823310638243,0.4965801660060213,0.5648804679027195,0.9444551665639902,0.9424541028345452,1.0850904915264583,0.05745301841554091,1520.0,2769.125,0.02209609577390883,0.039772972393035885,0.0773363352086809,2.0438888590865667,0.48014851771731154
398.73,111052,0.7801939947103627,0.8865617399164071,0.4959831677032382,0.5654035770398789,0.9444663756946351,0.9424441147553625,1.0722893795924744,0.05744354653435663,1520.0,2776.3,0.022151745292875502,0.0398731415271759,0.07753110852506426,2.049036439590984,0.480593160483897
399.73,111348,0.778276683404177,0.8842412733048626,0.4953683823026506,0.5659422718049063,0.94447790831789,0.9424338386444668,1.0657524013901467,0.0574337808965533,1520.0,2783.7,0.022207434018452963,0.03997338123321533,0.07772601906458536,2.054187646706899,0.48105105103417034
400.74,111639,0.7764010745988046,0.8819718144515885,0.49476490221890246,0.5664710604872705,0.9444892185405316,0.9424237609213535,1.0596740000001672,0.057424183455046796,1520.0,2790.975,0.022263062795003258,0.040073513031005856,0.07792071978251139,2.059333308537801,0.48150052141417987
401.74,111928,0.7745474299060805,0.8797294535765453,0.49416646889134097,0.5669954270393507,0.9445004240862871,0.9424137766814864,1.0565913271583163,0.057414655149370684,1520.0,2798.2,0.022318667093912763,0.04017360076904297,0.07811533482869466,2.0644767061869302,0.4819462329834481
402.74,112231,0.7726136265532418,0.8773906777716958,0.4935400035622701,0.5675443561338268,0.9445121437705363,0.9424033345667578,1.0563442404614904,0.0574046686597946,1520.0,2805.775,0.022374246040980022,0.04027364287376403,0.07830986114343007,2.0696177587906517,0.48241282271375274
403.74,112492,0.7709557270840933,0.8753860352261393,0.4930011576684543,0.5680165102576522,0.944522215511247,0.9423943609377701,1.065212181885741,0.057396069220761556,1520.0,2812.3,0.022429970701535545,0.04037394726276398,0.0785048974553744,2.0747722898920378,0.4828141537190044
404.74,112786,0.7690968489408471,0.8731388748610689,0.49239504564003966,0.5685476051346859,0.9445335348400326,0.9423842759485901,1.0724189240394284,0.05738638558150403,1520.0,2819.65,0.022485648618804085,0.040474167513847345,0.07869977016581428,2.0799224972393775,0.483265584364483
405.74,113082,0.7672345075848668,0.8708880528383612,0.49178573100804346,0.5690815062361064,0.9445449036341906,0.9423741471060538,1.080626289191668,0.05737663936757919,1520.0,2827.05,0.022541339304712082,0.04057441074848175,0.07889468756649229,2.0850738856858677,0.48371940030069044
406.75,113373,0.7654125397343206,0.868686535099794,0.4911876053879986,0.5696056031649518,0.9445560535852335,0.9423642134504018,1.0930737483800508,0.05736706101219551,1520.0,2834.325,0.022596994360287986,0.04067458984851837,0.07908948026100794,2.0902219783266385,0.484164882690209
407.75,113657,0.7636428600757319,0.8665486805063596,0.4906047210936143,0.5701163451534594,0.944566909824476,0.9423545416687875,1.1114900625301276,0.05735771614700622,1520.0,2841.425,0.022652679098976985,0.04077482237815857,0.07928437684641944,2.095372816655371,0.4845990133804405
408.75,113946,0.7618505421869822,0.8643839628101898,0.49001243654696,0.5706353239457086,0.94457793145919,0.9423447227407291,1.1080298286724357,0.057348209884379685,1520.0,2848.65,0.022708314233356054,0.04087496562004089,0.07947909981674618,2.1005190665854347,0.48504014535385226
409.75,114242,0.7600236546289787,0.8621779953828328,0.4894067033886076,0.5711660868445935,0.9445891932715774,0.9423346900557816,1.0968689228776691,0.057338476632180946,1520.0,2856.05,0.022763906598091126,0.040975031876564025,0.07967367309331894,2.105661360323429,0.4854912938179044
410.75,114528,0.7582669252422098,0.8600572230207975,0.4888222932151089,0.5716781658575167,0.9446000489954577,0.9423250193412247,1.0813783262739296,0.057329075343908534,1520.0,2863.2,0.022819565415382385,0.04107521774768829,0.07986847895383833,2.1108098009228704,0.4859265609788892
411.76,114795,0.7566343349382654,0.858086736225936,0.48827746642542413,0.5721555606348967,0.9446101609125959,0.9423160114186971,1.0629507681082648,0.05732030139880564,1520.0,2869.875,0.022875288989808826,0.04117552018165588,0.08006351146433087,2.115964231557316,0.4863323465396622
412.76,115064,0.7549967250451828,0.8561105991552638,0.4877292967825647,0.5726358845278732,0.9446203265824504,0.9423069557861976,1.0562559789970611,0.05731146444672248,1520.0,2876.6,0.02293093350198534,0.041275680303573606,0.08025826725694868,2.1211113489336437,0.48674062184869216
413.76,115358,0.7532151409329861,0.8539611902119352,0.4871310262247832,0.5731601084558307,0.9446314118846444,0.9422970811393575,1.0571695940803059,0.05730180933240112,1520.0,2883.95,0.02298666222890218,0.041375992012023924,0.08045331780115762,2.1262662561734516,0.48718621218745606
414.76,115641,0.7515082676582201,0.8519023715278885,0.48655596951934227,0.5736639916588457,0.9446420577508075,0.9422875981320109,1.0628705688479618,0.05729251853620326,1520.0,2891.025,0.023042356504334345,0.041476241707801814,0.0806482477651702,2.1314179766509267,0.48761451291001884
415.76,115929,0.749779290181745,0.8498173449220431,0.4859715849421184,0.5741760482434887,0.9446528669682871,0.9422779698122916,1.071737548733533,0.05728306668424817,1520.0,2898.225,0.023098011612892152,0.04157642090320587,0.08084304064512252,2.136566074192524,0.48804976100696534
416.77,116215,0.7480703019045687,0.8477568733365873,0.4853920860538181,0.5746838238301702,0.9446635765406997,0.9422684304461753,1.0849289742176547,0.05727368355588337,1520.0,2905.375,0.02315362099806468,0.04167651779651642,0.08103767349322637,2.1417099423209827,0.4884813702556447
417.77,116495,0.7464048189468306,0.8457492849827171,0.48482554021711466,0.5751802495359345,0.944674037816107,0.9422591124333995,1.1046756378081377,0.05726450025379791,1520.0,2912.375,0.0232092098792394,0.04177657778263092,0.0812322345773379,2.1468519138296447,0.4889033321055443
418.77,116748,0.7449064041441904,0.8439434453753989,0.4843143001819825,0.5756282145174304,0.9446834703156807,0.9422507109249807,1.0925769284785714,0.057256205016692256,1520.0,2918.7,0.023264871385362415,0.04187676849365234,0.08142704984876843,2.152000603146023,0.48928410233981584
419.77,117044,0.743161060132542,0.8418404490913309,0.4837169794955906,0.576151606137489,0.9446944819610205,0.9422409030647547,1.0826743309932598,0.057246502967306975,1520.0,2926.1,0.02332050430774689,0.041976907753944394,0.08162176507711409,2.157146648466587,0.4897289852168656
420.77,117329,0.7414884125176914,0.8398254848183929,0.48314267880642886,0.5766548268946954,0.9447050600376015,0.9422314815687621,1.06966170855845,0.05723716457355346,1520.0,2933.225,0.023376098420884877,0.042076977157592774,0.08181634447309706,2.162289103931851,0.49015672286049106
421.77,117616,0.7398117409980369,0.837806104544989,0.4825651600545815,0.5771608674220534,0.9447156883150607,0.9422220155510919,1.0611769504609487,0.05722776372552244,1520.0,2940.4,0.023431735171212092,0.04217712330818176,0.08201107309924231,2.1674355033371184,0.4905868573087454
422.77,117906,0.7381253514637566,0.8357754559933809,0.48198242920582435,0.5776714749565613,0.9447264033073705,0.942212472494463,1.0571652176541262,0.05721826774691706,1520.0,2947.65,0.023487320515844557,0.0422771769285202,0.08220562180545594,2.1725771477156215,0.4910208737130771
423.77,118182,0.7365276134374024,0.8338519600498088,0.4814285972744019,0.5781567603291111,0.9447365783647927,0.9422034104976953,1.0574589811350812,0.05720923312126546,1520.0,2954.55,0.02354289417796665,0.042377209520339965,0.08240012962288326,2.177717711461915,0.49143336627974443
424.77,118445,0.735011657047815,0.8320272835128216,0.48090154524972967,0.5786185802850123,0.9447462536906419,0.9421947937285213,1.070578914841699,0.05720062669385574,1520.0,2961.125,0.02359852715333303,0.04247734887599945,0.0825948450366656,2.182863761683305,0.4918259132422605
425.78,118707,0.7335077563668564,0.8302174678795335,0.48037716797639507,0.5790780565376603,0.9447558724483691,0.9421862274951984,1.0967657386461238,0.057192055564832374,1520.0,2967.675,0.023654268860816955,0.042577683949470514,0.08278994101285933,2.188019869625568,0.49221646805701125
426.78,118977,0.731964463539946,0.8283606099708898,0.47983747729059767,0.5795509508954236,0.9447657643398397,0.9421774181785458,1.1106969950609016,0.0571832254090292,1520.0,2974.425,0.0237098605632782,0.042677749013900756,0.08298451197147369,2.1931621021032335,0.4926184282611101
427.78,119275,0.7302687677939088,0.8263208081010096,0.47924263847646215,0.5800721678190912,0.9447766579250979,0.9421677169853155,1.1005535826708748,0.057173482698295766,1520.0,2981.875,0.023765528639157613,0.0427779515504837,0.08317935023705164,2.1983113991220793,0.4930614626462275
428.78,119560,0.7286544964094799,0.8243793668771041,0.4786745509024012,0.5805699444447744,0.9447870527043777,0.9421584601865289,1.084003451413839,0.057164168110427925,1520.0,2989.0,0.023821113427480063,0.04287800416946411,0.08337389699618021,2.203452992041906,0.4934845727780582
429.78,119843,0.727058712174889,0.8224605558573169,0.47811122293079167,0.5810635505535231,0.9447973518270507,0.9421492887522022,1.0698448769682325,0.057154921890758645,1520.0,2996.075,0.023876791622903612,0.0429782249212265,0.08356877068016264,2.2086032251185843,0.4939041379704946
430.78,120131,0.7254420081908319,0.8205169924494131,0.4775387302469256,0.5815651870782689,0.9448078097830442,0.9421399760590886,1.0615136729032306,0.057145515380675006,1520.0,3003.275,0.023932389868630305,0.04307830176353454,0.08376336454020605,2.213746062848303,0.4943305290165285
431.78,120429,0.7237768403271243,0.8185155903152391,0.476947193271337,0.5820835108246774,0.9448186064121816,0.9421303619750838,1.0582664616651112,0.05713578551446377,1520.0,3010.725,0.02398797251118554,0.04317835052013397,0.08395790378914939,2.2188874572846626,0.49477110420097575
432.79,120718,0.7221693641227149,0.8165839370083923,0.47637432878714414,0.5825854731328419,0.9448290533245772,0.9421210594910414,1.0560424267273578,0.05712635266746864,1520.0,3017.95,0.024043672985500763,0.04327861137390137,0.08415285544925266,2.2240397511588204,0.4951977721629156
433.79,121016,0.720519406922765,0.8146016527793094,0.4757844537260099,0.5831023406562892,0.9448398013051504,0.9421114891122863,1.0566520524242864,0.05711662932507864,1520.0,3025.4,0.024099375671810575,0.04337887620925903,0.08434781485133701,2.229192249642478,0.4956371095578458
434.79,121297,0.7189705759384355,0.8127412480190694,0.4752289981294411,0.5835890487365247,0.9448499136756305,0.942102484881145,1.0623615075556967,0.05710746370164497,1520.0,3032.425,0.024155039668083193,0.043479071402549745,0.08454263883829116,2.234341169297695,0.496050811426046
435.79,121590,0.7173627904652171,0.810810423653468,0.47465061408456355,0.5840958474614996,0.9448604347684162,0.942093116899807,1.0691898040748604,0.05709790979593292,1520.0,3039.75,0.02421075647407108,0.043579361653327944,0.08473764765924878,2.239494973851575,0.4964815903422746
436.79,121859,0.7158931192963929,0.8090458156816378,0.47412031587172043,0.5845605118320083,0.9448700733708036,0.9420845348519931,1.090697268521436,0.057089141276907916,1520.0,3046.475,0.024266369157367282,0.043679464483261106,0.08493229205078548,2.2446391470564735,0.496876555057207
437.8,122123,0.7144567012428726,0.8073214592176124,0.4736005329373778,0.5850159623768869,0.9448795136372605,0.9420761295511721,1.1134394363222788,0.057080538359651885,1520.0,3053.075,0.024322105010350547,0.04377978901863098,0.0851273675362269,2.249794713457425,0.49726368802035387
438.8,122376,0.71308561797863,0.8056758342884344,0.47310301784487796,0.5854519011216841,0.9448885428025113,0.9420680904220404,1.0781776237718625,0.057072296329925776,1520.0,3059.4,0.024377765986654493,0.04387997877597809,0.08532218095329072,2.254943353765541,0.4976342359534315
439.8,122663,0.7115367357617667,0.8038171612328648,0.4725393638327039,0.5859457929176746,0.9448987644209946,0.9420589897567175,1.067112979592283,0.0570629495566558,1520.0,3066.575,0.024433382643593682,0.04398008875846863,0.08551683925257789,2.2600878945324157,0.49805404398002334
440.8,122931,0.7100965513690173,0.802089262612737,0.4720137145839176,0.5864063837161729,0.944908289321394,0.9420505095627021,1.0568190972754836,0.05705422432304755,1520.0,3073.275,0.024488939325014752,0.044080090785026546,0.08571128763755162,2.2652268875638644,0.498445546158747
441.8,123212,0.7085928535957722,0.8002855080007293,0.47146328051619424,0.5868886917711331,0.9449182555692897,0.9420416365928692,1.0568957451881174,0.057045078715593674,1520.0,3080.3,0.02454461334811317,0.0441803040266037,0.08590614671839608,2.270376734700468,0.49885550800546313
442.81,123496,0.7070796607737392,0.7984707205823351,0.47090770934711973,0.5873755011197198,0.944928306798535,0.942032688133808,1.0623184316086487,0.057035838446864544,1520.0,3087.4,0.02460033877690633,0.044280609798431396,0.08610118571917215,2.2755313368638355,0.49926929595176184
443.81,123772,0.7056153697944789,0.7967149228118685,0.4703684980972105,0.5878479753803194,0.9449380543505473,0.9420240101969426,1.076167507642057,0.05702686133515811,1520.0,3094.3,0.02465605490737491,0.04438089883327484,0.08629619217581218,2.280685078932179,0.4996708990732715
444.81,124058,0.7041045098071037,0.7949036372500606,0.4698104863074177,0.588336923279371,0.9449481338020745,0.9420150369491287,1.0906863892521392,0.05701756194662282,1520.0,3101.45,0.02471174356672499,0.04448113842010498,0.08649110248353746,2.2858362799220613,0.5000865047874654
445.81,124327,0.7026894414641065,0.7932075154615963,0.469286324713649,0.5887962105466383,0.9449575944495375,0.9420066147486478,1.1165565022042543,0.05700881808637057,1520.0,3108.175,0.02476748722129398,0.044581476998329164,0.08668620527452893,2.290992567969693,0.5004768989646426
446.82,124615,0.701180813808219,0.7913995981035856,0.4687258707736308,0.5892872983363585,0.9449677022697555,0.9419976165792014,1.0999415229647473,0.05699945960218416,1520.0,3115.375,0.024823222610685564,0.044681800699234005,0.08688127913739946,2.2961480914884143,0.5008943235859048
447.82,124904,0.699673547244814,0.789593668743735,0.46816422758755627,0.5897794281817689,0.9449778233968977,0.9419886067364807,1.0855740550774888,0.05699007171132478,1520.0,3122.6,0.024878835439682008,0.04478190379142761,0.08707592403888702,2.301292278170586,0.5013126339545035
448.82,125165,0.6983179583570219,0.7879697767134393,0.4676576491970218,0.5902233084801561,0.9449869452517744,0.9419804865955851,1.0633837589401236,0.056981596031007935,1520.0,3129.125,0.02493441552586026,0.04488194794654846,0.0872704543405109,2.3064334361420737,0.5016899322081327
449.82,125423,0.6969831842183575,0.7863711015429541,0.46715749770851106,0.590661557320034,0.9449959449051974,0.9419724753742591,1.055952723996958,0.05697322024968181,1520.0,3135.575,0.024989994274245367,0.04498198969364166,0.08746497995985877,2.3115744703676966,0.5020624437220289
450.82,125698,0.6955661539885813,0.7846742141166821,0.46662505001096116,0.5911281051382595,0.9450055186397597,0.9419639532731984,1.061484348887362,0.05696429528640761,1520.0,3142.45,0.025045605474048188,0.04508208985328674,0.08765961915916866,2.3167185063494573,0.5024590093675206
451.82,125951,0.6942676448381309,0.7831195328584112,0.4661357975482918,0.5915568039007301,0.9450143093008785,0.9419561283645685,1.0861740749860527,0.0569560867894661,1520.0,3148.775,0.0251012794441647,0.04518230299949645,0.08785447805457644,2.3218683485852347,0.5028234033156206
452.83,126203,0.6929791536834483,0.7815771086746426,0.46564904839853877,0.5919833091798127,0.9450230489183922,0.9419483490211192,1.1106679865253035,0.05694791308850456,1520.0,3155.075,0.025157131195068363,0.045282836151123045,0.08804995918273925,2.327034635543823,0.5031859328028409
453.83,126479,0.6915735107582694,0.7798947433947989,0.4651165926019262,0.5924498640946976,0.9450326022899691,0.9419398454831043,1.0878200488478107,0.056938963631188375,1520.0,3161.975,0.025212755931748283,0.04538296067714691,0.08824464576111898,2.332179923686716,0.503582504480493
454.83,126774,0.6900774915112721,0.7781045524808163,0.46454823194580797,0.5929478800036732,0.9450427919206225,0.9419307757751818,1.0779218204188536,0.056929401197486275,1520.0,3169.35,0.02526844690905677,0.04548320443630218,0.08843956418169868,2.337331339087751,0.5040058180031222
455.84,127054,0.688663608690237,0.7764129740177065,0.4640094855002524,0.5934199469877307,0.9450524430661048,0.9419221855301345,1.0645679852416667,0.05692032795979857,1520.0,3176.35,0.025324177927441068,0.04558352026939392,0.08863462274604372,2.3424864582882985,0.5044070749395712
456.84,127326,0.6872957452186361,0.7747767542380647,0.46348679626043,0.593877944131058,0.9450617995492543,0.9419138577067783,1.0563618338871794,0.05691151672640841,1520.0,3183.15,0.025379862758848404,0.045683752965927124,0.08882951965596941,2.3476373051934774,0.5047963725113993
457.84,127592,0.6859633817166654,0.7731832837078285,0.462976268523494,0.5943252849739373,0.9450709316833192,0.9419057297098344,1.0593711215631831,0.05690290249641034,1520.0,3189.8,0.025435589419470897,0.045784060955047605,0.08902456296814812,2.352792021301058,0.5051766122278467
458.84,127871,0.6845715278104336,0.7715189645230534,0.4624414594558147,0.5947939019007099,0.9450804911228414,0.9418972215431844,1.069794493560512,0.05689387007177866,1520.0,3196.775,0.025491336557600237,0.045884405803680424,0.08921967795160082,2.357948631578022,0.5055749366156035
459.85,128146,0.6832052304912765,0.7698855034512276,0.46191498667371567,0.595255214305616,0.9450898945475453,0.9418888523845035,1.0883691860265063,0.05688496994996965,1520.0,3203.65,0.025547093258963694,0.045984767866134646,0.08941482640637292,2.3631061264541415,0.5059670521597737
460.85,128407,0.6819136028274728,0.7683415851012474,0.46141592861866687,0.5956925050438844,0.9450988019102431,0.9418809248644534,1.113760078575901,0.0568765255004177,1520.0,3210.175,0.02560280876689487,0.046085055780410764,0.08960983068413203,2.3682598109377753,0.5063387492873017
461.85,128677,0.6805826447003749,0.7667509310028002,0.4609002877185509,0.5961443262049937,0.9451079987206991,0.9418727398774328,1.0871324062394379,0.05686779250083515,1520.0,3216.925,0.02565849138630761,0.046185284495353696,0.08980471985207662,2.3734104532334537,0.5067227972742446
462.86,128954,0.6792226518809741,0.7651258676650925,0.460371938275356,0.5966072830007834,0.9451174153320012,0.9418643594196926,1.0696840218684054,0.05685883587669119,1520.0,3223.85,0.025714187317424354,0.046285537171363834,0.08999965561098523,2.378562326861753,0.5071163105506659
463.86,129238,0.6778340092739706,0.7634668739430451,0.4598309291251273,0.597081332639538,0.945127050392749,0.9418557847043738,1.0603430220618266,0.05684965584055881,1520.0,3230.95,0.02576991797818078,0.0463858523607254,0.09019471292363272,2.383717412981722,0.5075192527436073
464.86,129532,0.6764025314626368,0.7617570267111978,0.4592716065273242,0.5975714291107784,0.9451370039880075,0.9418469266739813,1.0570207423114628,0.056840155685889696,1520.0,3238.3,0.02582558462354872,0.04648605232238769,0.09038954618242051,2.3888665776782565,0.5079358347441617
465.86,129822,0.6749965313477143,0.7600779292944979,0.4587206254564133,0.5980542164675458,0.9451468015888839,0.9418382076313421,1.0557857842803224,0.0568307878951535,1520.0,3245.55,0.02588124650054508,0.04658624370098114,0.09058436275190777,2.3940153013004197,0.5083462039974139
466.87,130108,0.6736157251076438,0.7584292259740212,0.4581779539154668,0.5985297227465789,0.945156444125155,0.9418296267413134,1.0587729519341502,0.05682155233904118,1520.0,3252.7,0.025936953663825993,0.04668651659488678,0.09077933782339095,2.399168213903904,0.5087503843345921
467.87,130396,0.6722310472022547,0.7567762052189612,0.45763219784003617,0.5990079317940536,0.9451661341803549,0.9418210037222242,1.0656219165068077,0.056812255231420625,1520.0,3259.9,0.025992724471622042,0.04678690404891967,0.09097453565067715,2.4043270136250388,0.5091568620249456
468.87,130672,0.6709094772034669,0.7551988077872734,0.45710984876930605,0.5994656308702685,0.9451754018108608,0.9418127567600494,1.0814914676462721,0.05680334835770417,1520.0,3266.8,0.026048492868741353,0.04688728716373443,0.09116972504059473,2.409485590358575,0.5095459062397283
469.87,130928,0.6696883807805802,0.7537415814490543,0.456625933334457,0.5998896531571023,0.9451839816018053,0.9418051220130289,1.1159487163108193,0.05679508940581688,1520.0,3273.2,0.026104110320409143,0.04698739857673645,0.09136438612143198,2.4146302046378456,0.509906325183537
470.87,131192,0.6684338429138615,0.7522446951772541,0.4561274810339503,0.6003264131137347,0.9451928131718633,0.9417972633494739,1.0880072729411487,0.056786574876684884,1520.0,3279.8,0.02615966822041406,0.0470874027967453,0.09155883877144919,2.4197693103883,0.5102775711466745
471.87,131456,0.6671840682353303,0.7507537425992491,0.45562962183154465,0.6007626533787122,0.9452016282136086,0.9417894195246361,1.065674333114148,0.05677806290011022,1520.0,3286.4,0.026215250266922847,0.04718745048046112,0.09175337593422996,2.4249106496903634,0.5106483753719053
472.87,131708,0.6659955197766853,0.7493360634935721,0.45515494457614436,0.6011785808752295,0.945210027210781,0.9417819460276737,1.0556995731869687,0.056769940211663435,1520.0,3292.7,0.02627080705430773,0.047287452697753904,0.09194782469007703,2.4300496525234645,0.5110019137439451
473.88,131974,0.6647455962373227,0.7478454214670937,0.45465447991202407,0.6016171041296613,0.9452188766026695,0.9417740718945112,1.0632705400316023,0.05676136878369541,1520.0,3299.35,0.026326454983817207,0.047387618970870966,0.0921425924433602,2.4351970860030914,0.5113746585102121
474.88,132235,0.6635237886665514,0.7463885522701565,0.45416400366958576,0.6020468752073728,0.945227543524898,0.9417663602497373,1.0855301138782112,0.056752960988220566,1520.0,3305.875,0.02638214084837172,0.047487853527069086,0.092337492969301,2.440348028474384,0.5117399639262669
475.88,132524,0.6621762148678896,0.7447819986620311,0.4536215793082068,0.6025221648997092,0.9452371216670361,0.9417578379680669,1.0999017214883509,0.05674365411251723,1520.0,3313.1,0.02643775341245863,0.04758795614242554,0.09253213694360521,2.4454921906524234,0.5121439601647528
476.88,132815,0.660824918522984,0.7431712999150261,0.4530761108625968,0.6030001219166731,0.9452467464597036,0.9417492743343248,1.114550922012043,0.05673428591307585,1520.0,3320.375,0.026493486205736796,0.04768827517032623,0.09272720172007877,2.4506474740306534,0.5125502236291721
477.89,133099,0.6595115153523441,0.7416060497518172,0.4525444486109475,0.6034659815019079,0.9452561208092699,0.9417409336818636,1.1007001346568772,0.056725146047632534,1520.0,3327.475,0.02654920236269633,0.04778856425285339,0.09292220826943715,2.4558012185494102,0.5129462042766217
478.89,133386,0.6581896117093173,0.7400309492819426,0.4520078558885323,0.6039361613243966,0.945265575275369,0.9417325218973333,1.085138999069033,0.05671591262551009,1520.0,3334.65,0.026604861166742114,0.047888750100135796,0.09311701408359738,2.460949657923645,0.5133458571257372
479.89,133678,0.6568501879966506,0.7384352598427755,0.45146262052062147,0.604413914111175,0.9452751750256804,0.9417239810054394,1.07427458904667,0.05670652142680975,1520.0,3341.95,0.026660467002126903,0.04798884060382842,0.09331163450744416,2.4660931976967384,0.5137519469944988
480.89,133969,0.655520845808661,0.7368518665303192,0.4509199587550748,0.604889411824688,0.9452847224850884,0.9417154867908819,1.065502111890742,0.05669716548332946,1520.0,3349.225,0.026716050717565748,0.04808889129161834,0.09350617751148012,2.4712346913748315,0.5141561200509849
481.89,134252,0.6542332776846991,0.7353185023484309,0.4503928902143427,0.6053512462524927,0.9452939889572624,0.9417072427129608,1.0578146691830432,0.056688069708552995,1520.0,3356.3,0.026771716290050086,0.04818908932209015,0.0937010070151753,2.476383756829633,0.5145486793146188
482.89,134540,0.6529282218247524,0.7337645849881855,0.4498571908849678,0.6058206432552308,0.9453034004810839,0.9416988697355453,1.0555811521908107,0.05667881622677428,1520.0,3363.5,0.026827361358536618,0.04828925044536591,0.09389576475487815,2.481530925664637,0.5149476667669461
483.89,134828,0.651628440620149,0.7322172214571228,0.44932217726132473,0.6062894394205259,0.9453127932502482,0.9416905135921636,1.057433710208356,0.05666956576548908,1520.0,3370.7,0.026882947590616015,0.048389305663108825,0.09409031656715604,2.4866726521319813,0.5153461435074471
484.9,135100,0.6504056837434837,0.7307618030654517,0.44881751476778226,0.606731640948274,0.9453216470464412,0.9416826370746265,1.0683330508702253,0.05666083199083407,1520.0,3377.5,0.02693865806526608,0.048489584517478944,0.09428530322843127,2.4918258710371126,0.515722014806033
485.9,135393,0.6490937236709489,0.7292004771315208,0.44827457045713304,0.6072073862369042,0.9453311658402357,0.9416741691091207,1.0771318177948195,0.056651426928744586,1520.0,3384.825,0.02699429587523143,0.048589732575416565,0.09448003556330999,2.496972368458907,0.5161263983013686
486.9,135673,0.6478449839483237,0.7277146466786382,0.4477563744021641,0.6076614463069756,0.9453402443742753,0.9416660929431919,1.0953851571142992,0.05664244207318408,1520.0,3391.825,0.02704999785953098,0.04868999614715576,0.09467499250835841,2.5021248020066156,0.5165123493609293
487.9,135955,0.6465922444109096,0.7262243107733375,0.4472351259918837,0.6081181809490613,0.9453493701196323,0.941657974918643,1.1154947203830854,0.056633395920209675,1520.0,3398.875,0.02710565374957191,0.048790176749229426,0.09486978812350166,2.5072729718354014,0.5169005738067022
488.9,136249,0.6452914221940131,0.7246770419777225,0.4466923887257668,0.6085937448186052,0.9453588654255473,0.9416495282917453,1.105822834479389,0.056623967900548265,1520.0,3406.225,0.027161330885357327,0.048890395593643186,0.09506465809875064,2.512423106895553,0.5173048030958144
489.9,136557,0.6439343420586657,0.7230631495209826,0.4461245626396094,0.6090912923201669,0.9453687924225613,0.9416406978130474,1.10197184228464,0.056614094293811236,1520.0,3413.925,0.027216918985048934,0.048990454173088074,0.09525921644767125,2.5175650061170263,0.5177277184721419
490.91,136850,0.642648719905508,0.7215345134774683,0.445585106528698,0.6095639811358615,0.9453782166049804,0.9416323147626834,1.0895738358691078,0.056604704739907405,1520.0,3421.25,0.027272636440065175,0.04909074559211731,0.0954542275402281,2.5227188707060284,0.5181295039654823
491.91,137130,0.6414249984446114,0.7200797283371805,0.445070236270934,0.6100151270353261,0.9453872050848908,0.9416243194203175,1.0725593741483639,0.05659573469724453,1520.0,3428.25,0.0273283752600352,0.04919107546806335,0.09564931341012319,2.527874711553256,0.5185129779800273
492.91,137409,0.6402103432585621,0.7186359621756222,0.44455783619475553,0.6104641084821418,0.9453961444555994,0.9416163678961746,1.0607670683149584,0.05658679951772284,1520.0,3435.225,0.02738409507274628,0.0492913711309433,0.09584433275461197,2.533028794229031,0.5188946122098206
493.92,137646,0.639182201180415,0.7174140772551785,0.44412306565108783,0.6108450684327817,0.9454037248274094,0.9416096253001028,1.0588790928843594,0.056579211634910954,1520.0,3441.15,0.027439795229170057,0.0493916314125061,0.09603928330209519,2.53818105869823,0.5192184281678646
494.92,137878,0.6381789910426773,0.7162219883604595,0.4436979061967322,0.6112176068374745,0.9454111334941522,0.9416030355260177,1.0919295658960833,0.05657178580477321,1520.0,3446.95,0.027495540353986953,0.049491972637176515,0.09623439123895433,2.543337482743793,0.5195350858118534
495.92,138112,0.6371703649801277,0.7150236291744374,0.44326952044706663,0.6115929722260094,0.9454185942595118,0.9415963995053759,1.0925385051557193,0.05656429793310576,1520.0,3452.8,0.027551273663838707,0.049592292594909666,0.09642945782343545,2.54849281390508,0.519854146392108
496.92,138357,0.6361177866236789,0.7137732266703476,0.44282146836932956,0.6119855698844866,0.9454263931195204,0.9415894628648158,1.0621923728707712,0.05655646019133517,1520.0,3458.925,0.027606892519527013,0.049692406535148614,0.09662412381834452,2.5536375580562485,0.5201878544018137
497.92,138613,0.635021713820332,0.7124713473766584,0.442353813962252,0.612395343735157,0.9454345283808289,0.9415822271237719,1.0557689675550512,0.05654827287113764,1520.0,3465.325,0.027662490963935856,0.04979248373508453,0.09681871837377548,2.5587804141640667,0.5205361621748835
498.93,138869,0.6339294678312863,0.711174208552039,0.44188668413552246,0.6128046579316342,0.9454426496370147,0.9415750039505733,1.0685484235859666,0.056540087921050544,1520.0,3471.725,0.02771810963418749,0.049892597341537476,0.0970133837196562,2.5639251411623425,0.5208840792418891
499.93,139124,0.6328452728383263,0.7098868237446524,0.44142189953932814,0.6132119171615963,0.9454507252948796,0.9415678214434828,1.0980955298796042,0.056531937298644225,1520.0,3478.1,0.02777378919389513,0.049992820549011226,0.09720826217863293,2.569075500435299,0.5212302495873569
500.93,139378,0.6317690647428412,0.7086091127108469,0.44095945307388756,0.6136171276461007,0.9454587555650825,0.9415606794132783,1.0979747400093633,0.05652382097525401,1520.0,3484.45,0.027829424156083,0.050092963480949396,0.0974029845462905,2.5742217344376774,0.5215746784991856
501.93,139632,0.6306965650251399,0.7073359928825055,0.4404975200653872,0.6140218882230999,0.9454667721911048,0.9415535496264724,1.0680954445700142,0.05651570698206055,1520.0,3490.8,0.027885119027561613,0.0501932142496109,0.09759791659646563,2.5793735100494493,0.521918724989635
502.93,139934,0.6294261873287332,0.7058282239519176,0.43994895946346374,0.6145025546869978,0.9454762860795836,0.941545088352421,1.0639975737590386,0.05650606266676768,1520.0,3498.35,0.027940803315904407,0.05029344596862793,0.09779281160566541,2.5845243067211574,0.5223272914839482
503.94,140237,0.6281568118279868,0.7043219085773146,0.4393993089017335,0.6149841762087768,0.9454858122325015,0.9415366163237251,1.0608227067545404,0.056496389724031586,1520.0,3505.925,0.02799656825595432,0.05039382286071777,0.09798798889584011,2.5896825636757743,0.5227366697774602
504.94,140536,0.6269092768570943,0.7028417678657238,0.43885762619798324,0.6154588160368163,0.9454951938140559,0.9415282730182197,1.0577473012693681,0.05648684772278109,1520.0,3513.4,0.02805228606859843,0.050494114923477176,0.0981830012400945,2.5948364613453547,0.5231401136312939
505.94,140841,0.6256418780905951,0.7013383212201928,0.4383058004420758,0.615942343533778,0.9455047444783119,0.941519779495064,1.0565954930586734,0.05647711756354941,1520.0,3521.025,0.02810787097613017,0.0505941677570343,0.09837754841645557,2.5999780652920403,0.5235511120037113
506.94,141125,0.6244664094478332,0.6999441620875254,0.4377926278144958,0.6163920019150091,0.9455136202124569,0.9415118863333759,1.055782183986993,0.05646806036310885,1520.0,3528.125,0.028163498361905417,0.05069429705142974,0.09857224426666894,2.6051235984762506,0.5239333216277577
507.95,141418,0.623258378360338,0.698511619020198,0.4372638568611564,0.6168553280515606,0.9455227597605296,0.9415037587015594,1.058377857975906,0.05645871918275145,1520.0,3535.45,0.028219205882814197,0.05079457058906555,0.09876722058984969,2.610276544160313,0.5243271488438266
508.95,141709,0.6220632784724841,0.697094646585819,0.4367393615397392,0.6173149077417399,0.9455318194400613,0.9414957022343012,1.064194406031507,0.05644944482315762,1520.0,3542.725,0.028274860461552937,0.05089474883079528,0.09896201161543527,2.6154245926936466,0.5247177915804789
509.95,142001,0.6208687373771492,0.6956785716050445,0.43621372986124773,0.6177754831445803,0.9455408928082447,0.9414876337328201,1.0722074341212786,0.05644014165509298,1520.0,3550.025,0.028330505026711358,0.05099490904808044,0.09915676759348974,2.6205717149708003,0.5251092806728933
510.95,142304,0.6196341081550152,0.6942152209560043,0.43566900086442095,0.6182527922327089,0.9455502895801373,0.9414792777905182,1.0771607234485867,0.05643049126653688,1520.0,3557.6,0.028386215607325238,0.051095188093185424,0.09935175462563833,2.6257249436775845,0.5255149933978026
511.95,142611,0.6183882513975699,0.692738817535427,0.4351178103265305,0.6187357631311889,0.9455597913640924,0.9414708286190736,1.0806464255336703,0.05642071684530016,1520.0,3565.275,0.028441828038957385,0.05119529047012329,0.09954639813635084,2.630869093603558,0.5259255186615106
512.95,142889,0.6172644592618906,0.6914072865484228,0.43461931894030137,0.61917255733599,0.9455683791175314,0.9414631923522641,1.1009615885524016,0.056411868661678,1520.0,3572.225,0.028497395118077598,0.05129531121253967,0.09974088291327157,2.6360090484221774,0.5262967937355915
513.95,143185,0.6160724503719477,0.6899951564653618,0.4340892103592539,0.6196370555450129,0.9455775057750944,0.9414550770258351,1.1124476094384415,0.05640245062416061,1520.0,3579.625,0.02855297753545973,0.05139535956382751,0.09993542137410905,2.641150422030025,0.526691617213261
514.95,143490,0.6148490746607649,0.6885461113578797,0.43354369339389554,0.6201150550765427,0.9455868915148666,0.9414467314726607,1.1154864636710156,0.05639274951641544,1520.0,3587.25,0.028608559608459472,0.051495407295227044,0.10012995862960815,2.646291763782501,0.5270979168150614
515.96,143792,0.6136425798380427,0.6871173034491026,0.433004250518457,0.6205877322948897,0.9455961665906436,0.9414384844648211,1.1076104071471615,0.05638314711691007,1520.0,3594.8,0.028664183060328165,0.05159552950859069,0.10032464071114856,2.651436933080355,0.5274996924506563
516.96,144088,0.6124647080201149,0.6857226251077349,0.43247620762713307,0.6210504204800585,0.9456052397494628,0.9414304171333104,1.0964120759222669,0.05637373866635549,1520.0,3602.2,0.028719764179653592,0.05169557552337646,0.10051917462878755,2.656578186617957,0.5278929774080497
517.96,144361,0.611382419752615,0.6844413265840347,0.43198979292298056,0.6214766327071364,0.9456135924746355,0.9414229904926292,1.0746539444406977,0.05636506406082746,1520.0,3609.025,0.028775422308180067,0.05179576015472412,0.10071397807863022,2.6617265635066563,0.528255257801066
518.96,144609,0.6104026007570962,0.6832815067222394,0.43154841804265676,0.6218633795902241,0.945621167513972,0.9414162554157341,1.0562558749943256,0.05635718614689691,1520.0,3615.225,0.02883119104968177,0.05189614388942718,0.10090916867388619,2.6668851720955637,0.5285839926516905
519.96,144854,0.6094377582305273,0.6821395702104409,0.4311128455738475,0.6222450422134961,0.9456286390088885,0.941409612496382,1.0630412513378238,0.05634940569234495,1520.0,3621.35,0.028886930677625867,0.05199647521972656,0.10110425737169053,2.672041087680393,0.5289084058814717
520.97,145123,0.6083819585076705,0.6808901585923072,0.4306351341177007,0.6226636283744134,0.9456368288159247,0.941402331032499,1.0812190255002625,0.05634086554469389,1520.0,3628.075,0.028942706452475653,0.052096871614456176,0.10129947258366478,2.677200346853998,0.5292642041182514
521.97,145347,0.6075056075128875,0.6798532434799989,0.43023775930141506,0.6230118209845212,0.9456436377619928,0.9413962773623565,1.097782657843719,0.05633375602132363,1520.0,3633.675,0.02899851689073775,0.05219733040332794,0.1014948091175821,2.6823628123932415,0.5295601678368431
522.98,145591,0.6065539209959858,0.6787273344811094,0.4298053403350136,0.623390720407436,0.9456510434982462,0.9413896931890928,1.0645214021698601,0.05632601376052528,1520.0,3639.775,0.02905423188209534,0.052297617387771604,0.10168981158733367,2.6875164490938186,0.5298822323463207
523.98,145810,0.6057023157436084,0.6777199559890462,0.42941761292546415,0.6237304596491005,0.9456576805776368,0.9413837924794582,1.0594905680405002,0.056319066576155895,1520.0,3645.25,0.029109991749127706,0.05239798514842987,0.10188497112194697,2.692674236794313,0.5301710107017354
524.98,146043,0.6047989296317209,0.6766514568975804,0.42900549994350795,0.6240915663145603,0.94566473172215,0.9413775237256383,1.0934812840964732,0.05631167716084304,1520.0,3651.075,0.029165576431486342,0.052498037576675406,0.10207951751020218,2.6978158199124866,0.5304779513673763
525.98,146279,0.6038866946014081,0.6755726294022132,0.4285885012298112,0.6244569540154995,0.9456718629417794,0.941371183866978,1.0916492774358242,0.056304194579267774,1520.0,3656.975,0.02922113609313965,0.052598044967651365,0.10227397632598877,2.7029550886154174,0.5307885309131746
526.98,146526,0.6029349254377505,0.6744471957837448,0.42815251860675807,0.6248389760291276,0.9456793150383543,0.9413645588310513,1.0621956540846962,0.056296365362731464,1520.0,3663.15,0.029276799665557015,0.05269823939800262,0.10246879882944954,2.7081039690640236,0.5311132496247585
527.98,146778,0.6019670212571862,0.6733028379006241,0.42770818658885223,0.625228314051389,0.9456869058931077,0.9413578105330072,1.0557666281873574,0.056288379903610415,1520.0,3669.45,0.029332361724641588,0.052798251104354856,0.10266326603624555,2.713243459529347,0.5314441869436807
528.99,147029,0.6010060867827558,0.6721668748789419,0.42726609509735114,0.6256156888522663,0.9456944545220796,0.9413510998700968,1.071462187266714,0.05628042838445847,1520.0,3675.725,0.029388064755333794,0.052898516559600824,0.10285822664366827,2.718395989868376,0.5317734555244263
529.99,147274,0.6000711197604597,0.671061757020826,0.42683503020366154,0.6259934017930676,0.9457018110935809,0.9413445600368915,1.1091459258719545,0.056272669107778645,1520.0,3681.85,0.029443646404478288,0.05299856352806091,0.10305276241567399,2.7235372924142416,0.5320945115241075
530.99,147569,0.5989492516492512,0.6697359173561377,0.42631659314042003,0.6264476730423483,0.9457106538355381,0.9413366991508869,1.112060792379888,0.05626332914379701,1520.0,3689.225,0.029499350640508865,0.05309883115291596,0.10324772724178102,2.72868993424707,0.5324806420859961
531.99,147863,0.5978354122955485,0.6684197742418891,0.42580056484066653,0.6268998336554947,0.9457194501698193,0.9413288796503436,1.0993536619623834,0.056254023924890637,1520.0,3696.575,0.029555056386523778,0.05319910149574279,0.10344269735283321,2.733842715753449,0.5328649786071705
532.99,148155,0.596733302039342,0.6671176947429602,0.4252886893621086,0.6273483554329825,0.945728170488861,0.9413211278521828,1.0866122748832086,0.05624478505288049,1520.0,3703.875,0.029610646989610464,0.05329916458129883,0.10363726446363661,2.7389848465389677,0.5332462221180352
533.99,148448,0.5956315529634881,0.6658162451194054,0.4247757032196826,0.6277978504099166,0.9457369045288367,0.9413133639853861,1.0758647828455057,0.05623551759069267,1520.0,3711.2,0.029666309475898746,0.05339935705661774,0.1038320831656456,2.7441336265206338,0.5336282928484292
535.0,148725,0.5945937560064513,0.6645905253501316,0.424291320591686,0.6282222820664306,0.9457451468089193,0.9413060373718523,1.062100591999871,0.0562267590094875,1520.0,3718.125,0.029721973816553754,0.053499552869796754,0.10402690835793814,2.7492825780312224,0.533989059756466
536.0,149024,0.5934776439797974,0.6632725107665165,0.4237691102130656,0.6286798596161528,0.9457540276094312,0.9412981433016306,1.0584841519702954,0.05621730786228011,1520.0,3725.6,0.029777596142556935,0.05359967305660248,0.10422158649894926,2.7544276431865162,0.5343780006737299
537.0,149295,0.5924697164466893,0.662082430563994,0.42329637824497335,0.6290940825892894,0.945762062373675,0.9412910013805111,1.0554222235961774,0.05620874451682681,1520.0,3732.375,0.029833318498399528,0.05369997329711914,0.10441661474439833,2.759581961101956,0.534730090200896
538.0,149540,0.5915614748205417,0.6610101975370337,0.4228694710561357,0.6294681524152151,0.945769314539129,0.9412845551871962,1.0723348689480892,0.056201004992045396,1520.0,3738.5,0.02988898225625356,0.053800168061256405,0.10461143789688745,2.7647308587034543,0.535048049552933
539.0,149837,0.590464243913096,0.6597150362359806,0.4223525529928911,0.6299210926677843,0.9457780910475452,0.9412767541778052,1.0802695125109572,0.05619162565004858,1520.0,3745.925,0.029944637298583987,0.05390034713745118,0.10480623054504395,2.769878950119019,0.5354330487676167
540.0,150114,0.5894446150967553,0.6585116570887672,0.4218710338945574,0.6303430152073977,0.945786261886777,0.9412694916347522,1.1011607101965872,0.056182880734631055,1520.0,3752.85,0.0300002750688129,0.054000495123863214,0.10500096274084514,2.775025443865193,0.5357916829262881
541.01,150407,0.5883699709125068,0.6572435373305958,0.42136231970603877,0.6307887669607546,0.9457948893468962,0.9412618233522541,1.1146283411455131,0.05617363365951454,1520.0,3760.175,0.030055984987152947,0.0541007729768753,0.1051959474550353,2.7801786113116473,0.5361705719166414
542.01,150702,0.5872919991683031,0.6559716861828252,0.42085077410510285,0.6312369996888474,0.9458035598220462,0.9412541169633006,1.1064567610670046,0.05616432653909082,1520.0,3767.55,0.030111643711725873,0.05420095868110657,0.10539075299104055,2.785327043334643,0.5365515697355203
543.01,150989,0.586247098588263,0.6547390410218084,0.4203537171282551,0.6316725370179582,0.9458119799344362,0.9412466332199738,1.0901746665840428,0.05615527477445396,1520.0,3774.725,0.030167287005318538,0.05430111660957337,0.10558550451861488,2.7904740479919647,0.5369217764652645
544.01,151212,0.5854378071302612,0.653784464959985,0.41996792100488606,0.632010584004481,0.9458185120554468,0.9412408275938317,1.0567027916042768,0.056148243535807996,1520.0,3780.3,0.030222999850908917,0.054401399731636046,0.1057804994781812,2.795627486209075,0.5372091164038089
545.01,151507,0.5843706953503593,0.6525259533127152,0.41945812481283207,0.6324572838441778,0.9458271393616207,0.9412331599166844,1.05512537097247,0.056138944826306825,1520.0,3787.675,0.030278576665454443,0.054501437997817995,0.10597501832909055,2.800768341554536,0.5375888112675511
546.02,151789,0.5833542910171445,0.6513274228052469,0.418971391588585,0.6328837751688192,0.9458353717931476,0.9412258433085021,1.0574555120155262,0.05613005876931068,1520.0,3794.725,0.03033425907293956,0.0546016663312912,0.10616990675528844,2.805918964246909,0.5379513288934964
547.02,152084,0.5822948619699779,0.6500783438131554,0.4184628441375896,0.6333293808213891,0.9458439684243635,0.9412182031381116,1.0615860143948819,0.05612076608149502,1520.0,3802.1,0.03038986614015367,0.0547017590522766,0.10636453149053784,2.8110626179642146,0.5383300936981807
548.02,152369,0.581275045831654,0.6488761480598857,0.41797214036758884,0.6337593512660776,0.945852258830155,0.9412108352403801,1.0716030750087977,0.0561117913218204,1520.0,3809.225,0.030445552693472967,0.05480199484825134,0.10655943442715538,2.816213624146249,0.5386955685761661
549.02,152633,0.5803336011154456,0.6477664954627277,0.41751812311505043,0.6341571758028035,0.9458599254202829,0.9412040218467255,1.0976141266384096,0.05610348042084284,1520.0,3815.825,0.030501301129659014,0.054902342033386224,0.10675455395380655,2.821370354493459,0.539033719432383
550.03,152860,0.57952657089997,0.6468153925843583,0.4171281435601657,0.6344988884467332,0.9458665076044285,0.9411981722570615,1.0825156492502641,0.05609633627350739,1520.0,3821.5,0.03055703069104089,0.05500265524387359,0.1069496074186431,2.826525338921282,0.5393241751797232
551.03,153089,0.578714733641178,0.6458587357598639,0.4167351083683732,0.6348432785381176,0.9458731385133986,0.9411922794393839,1.0557731088104403,0.05608913102547614,1520.0,3827.225,0.030612607002258305,0.05510269260406494,0.10714412450790405,2.831666147708893,0.5396169067574
552.03,153353,0.5777816744140841,0.6447593706993856,0.4162824756377189,0.6352398899121849,0.9458807713630062,0.9411854962994564,1.0586158229643596,0.05608082683522952,1520.0,3833.825,0.030668217407332526,0.055202791333198546,0.10733876092566384,2.836810110178259,0.5399540264253573
553.03,153642,0.5767637495833933,0.6435601821608885,0.4157875603065494,0.6356735506623882,0.9458891129238621,0.9411780834561222,1.0655403455599681,0.05607173908210787,1520.0,3841.05,0.030723907258775503,0.0553030330657959,0.10753367540571425,2.841961421436734,0.5403226380630299
554.03,153923,0.575777484451147,0.6423984586770942,0.41530692574605343,0.6360946981414647,0.9458972094973651,0.9411708884362187,1.079194733446061,0.05606290571676878,1520.0,3848.075,0.030779537743992277,0.05540316793918609,0.10772838210397295,2.8471072413192853,0.540680613420245
555.03,154159,0.5749518012185488,0.6414260118827441,0.4149037027982549,0.6364480150727229,0.9459039987771449,0.9411648552279293,1.107153810138902,0.056055489097314684,1520.0,3853.975,0.030835176626841227,0.05550331792831421,0.10792311819394429,2.8522538379828135,0.5409809328118145
556.04,154401,0.5741076163104994,0.6404318944952955,0.41449064654009543,0.6368099482671671,0.9459109505629797,0.9411586776910794,1.0689677316127413,0.056047885957235345,1520.0,3860.025,0.030890846543841895,0.055603523778915406,0.10811796290344662,2.8574033053053753,0.541288576027092
557.04,154658,0.573213854150923,0.6393795266243627,0.4140524505153091,0.6371939097346688,0.9459183220780584,0.9411521272608301,1.0555636906687447,0.05603981380606169,1520.0,3866.45,0.03094641101360321,0.055703539824485775,0.10831243854761123,2.8625430187582968,0.5416149432744686
558.04,154912,0.5723332935728952,0.6383428359170881,0.4136198374398471,0.6375729792421931,0.9459255962775266,0.9411456633962467,1.0613536130945525,0.05603183816659612,1520.0,3872.8,0.031002175516552394,0.05580391592979431,0.10850761430793338,2.867701235281096,0.5419371523558641
559.04,155151,0.5715072362772606,0.6373704322847648,0.41321319646380456,0.6379292911598645,0.9459324307016309,0.9411395903978719,1.094746501412964,0.05602433560224363,1520.0,3878.775,0.031057947317759196,0.055904305171966547,0.10870281561215717,2.8728601268927254,0.5422400174858849
560.05,155346,0.5708350457032787,0.636579240512924,0.41288172246560895,0.6382197393510546,0.9459379996021472,0.9411346419887674,1.0699125392239437,0.056018215751343,1520.0,3883.65,0.031113640109697978,0.056004552197456356,0.10889774038394291,2.878011710147063,0.5424868984483965
561.05,155585,0.5700133652322175,0.6356121984635583,0.41247582670621985,0.6385753982858972,0.94594481614847,0.9411285850186221,1.0549874800512056,0.056010716834338684,1520.0,3889.625,0.031169412440723843,0.056104942393302916,0.10909294354253345,2.8831706507669557,0.5427892085430126
562.05,155774,0.5693652810434281,0.6348495443823384,0.41215513643614565,0.6388563974272546,0.9459501996951938,0.9411238014224388,1.0978836239722356,0.05600478814987365,1520.0,3894.35,0.031225006130006578,0.056205011034011834,0.10928752145502302,2.8883130670256083,0.5430280578131664
563.05,156020,0.5685239780062565,0.6338596205940062,0.41173811327909016,0.6392218065462517,0.9459571976905178,0.9411175833671539,1.0925509286751014,0.055997073329150444,1520.0,3900.5,0.031280720472335814,0.05630529685020447,0.10948252165317535,2.8934666436910628,0.543338655564314
564.05,156278,0.5676443402425594,0.6328247191855944,0.41130121259887026,0.6396046329911323,0.9459645259512101,0.9411110719435711,1.0660865530288612,0.055988984458908896,1520.0,3906.95,0.03133629120720757,0.05640532417297363,0.10967701922522649,2.8986069366667007,0.5436640580424625
565.05,156524,0.5668081826949527,0.6318410950934099,0.41088507569954863,0.6399692655425642,0.9459715028107593,0.9411048728365528,1.0550573837460298,0.05598127399128067,1520.0,3913.1,0.03139192256662581,0.05650546061992645,0.10987172898319032,2.9037528374128874,0.5439739957111795
566.06,156797,0.5658831711802339,0.6307530857081076,0.4104237705546647,0.6403734759652444,0.9459792334026381,0.941098004115969,1.061290767424797,0.05597271973853625,1520.0,3919.925,0.03144759799374475,0.05660567638874054,0.1100665929781066,2.9089028144213893,0.5443175745704578
567.06,157063,0.5649848179587179,0.6296965721209181,0.40997480433705535,0.6407668746225145,0.9459867536490996,0.9410913223862476,1.0799023181237035,0.05596438733981811,1520.0,3926.575,0.03150322159131368,0.05670579886436462,0.11026127556959787,2.914047997196515,0.5446519634291374
568.06,157340,0.5640523838306059,0.6286001234825238,0.40950780669180065,0.6411760729973269,0.9459945722048064,0.9410843757100521,1.1007550270952386,0.055955713004629766,1520.0,3933.5,0.03155881970458561,0.05680587546825409,0.11045586896604961,2.9191908226741683,0.5449997820477279
569.06,157608,0.5631532109749193,0.6275429276968287,0.4090565008538161,0.641571521705309,0.9460021244565626,0.9410776657388347,1.102809803488979,0.05594732306602978,1520.0,3940.2,0.03161452988783519,0.056906153798103334,0.11065085460742315,2.924344014624755,0.5453359134495126
570.06,157864,0.5622970099984526,0.626536384484195,0.40862587833075736,0.6419488470267186,0.946009327313753,0.9410712662846639,1.071754785992661,0.05593931114548303,1520.0,3946.6,0.03167021776570214,0.05700639197826385,0.11084576217995748,2.929495143327448,0.5456566399727109
571.07,158114,0.5614634202131765,0.625556543512263,0.40820579637914367,0.6423169363600055,0.9460163507929892,0.9410650262848005,1.0554927503293892,0.05593148921866225,1520.0,3952.85,0.03172584064801534,0.05710651316642761,0.11104044226805368,2.934640259941419,0.5459695159060047
572.07,158356,0.5606588889114728,0.6246109722579885,0.40779957800587524,0.6426728779795179,0.9460231396104872,0.941058994848719,1.0648697496346717,0.05592391967680146,1520.0,3958.9,0.03178156367937724,0.05720681462287903,0.11123547287782033,2.9397946403423947,0.5462720662825903
573.07,158588,0.5598897945944309,0.6237071541665437,0.40741053380145087,0.6430137710392544,0.9460296387715545,0.9410532208267703,1.1061122580080578,0.05591666484929374,1520.0,3964.7,0.03183713395065731,0.057306841111183164,0.1114299688273006,2.9449348904358015,0.5465618253833663
574.07,158777,0.559264827564758,0.6229727852070739,0.40709387754074405,0.643291235451703,0.9460349267604065,0.941048522893836,1.0615178687300801,0.055910756057704875,1520.0,3969.425,0.0318927060895496,0.057406870961189266,0.11162447131342357,2.9500753132833375,0.5467976701339475
575.07,159007,0.5585061913503488,0.6220814381041013,0.4067088681167175,0.6436285931069288,0.9460413539227978,0.9410428129644633,1.0586384887185254,0.05590356714906285,1520.0,3975.175,0.03194833715756734,0.05750700688362121,0.11181918005148568,2.955221187074979,0.5470844241408895
576.07,159219,0.5578087725887166,0.6212621046886513,0.40635431956358664,0.6439392599661892,0.9460472703731104,0.9410375568161917,1.1044038370323253,0.05589694248778666,1520.0,3980.475,0.03200398924615648,0.05760718064308166,0.11201396236154766,2.960369005269474,0.5473484909712608
577.07,159448,0.5570574101546815,0.6203794913742856,0.40597169513292364,0.6442745278134294,0.9460536529612625,0.9410318866191758,1.077647940131281,0.05588978836741294,1520.0,3986.2,0.03205959293577406,0.05770726728439331,0.11220857527520921,2.965512346559101,0.547633468641415
578.07,159704,0.5562198849905675,0.6193957785549233,0.4055443935651959,0.6446489432068382,0.9460607779122878,0.9410255569989261,1.0579305488108568,0.05588179291570072,1520.0,3992.6,0.032115192784203425,0.05780734701156616,0.11240317474471197,2.9706553325388168,0.5479517217258125
579.08,159942,0.5554435355069514,0.6184840272901702,0.4051475487699334,0.6449966713954581,0.94606739228805,0.9410196810368519,1.0603166389314065,0.055874361695915475,1520.0,3998.55,0.03217085757520464,0.05790754363536835,0.11259800151321622,2.975804325706429,0.5482472906861394
580.08,160175,0.5546856214971516,0.6175940269340553,0.40475942523957187,0.6453367577309337,0.9460738587694043,0.9410139365297623,1.0961121779017433,0.055867088508521,1520.0,4004.375,0.03222642347547743,0.05800756225585937,0.112792482164171,2.9809441714816622,0.5485363640712937
581.08,160421,0.5538876929951313,0.6166571454788081,0.4043500587372491,0.645695457842498,0.9460806764729524,0.9410078800901751,1.0940322346206923,0.05585941157561372,1520.0,4010.525,0.032282156361473933,0.05810788145065307,0.11298754726515875,2.9860994634363385,0.5488412591661234
582.08,160664,0.5531017771714493,0.6157344759270976,0.4039460994387276,0.6460494199879714,0.9460874014120451,0.9410019061335984,1.0620490547589552,0.055851830334960696,1520.0,4016.6,0.032337978773646886,0.05820836179256439,0.11318292570776409,2.991263036562337,0.5491421269897757
583.09,160909,0.5523116787924381,0.6148070034438631,0.4035392323197877,0.6464059300593317,0.946094172047372,0.9409958916606138,1.0560347400004213,0.055844188780308536,1520.0,4022.725,0.03239365862475501,0.05830858552455902,0.11337780518664253,2.9964134227898387,0.5494451605504319
584.09,161185,0.5514243455596567,0.6137655183900151,0.4030813848470234,0.6468071107583584,0.9461017878004289,0.94098912654704,1.0642676059916187,0.0558355828392957,1520.0,4029.625,0.03244934766822391,0.05840882580280304,0.11357271683878367,3.0015646593107115,0.5497861641446047
585.09,161460,0.5505430975624412,0.6127313103343514,0.40262572321320683,0.6472063761549118,0.946109363801294,0.9409823968423715,1.0804055110920918,0.055827010716885526,1520.0,4036.5,0.032504930906825595,0.05850887563228607,0.11376725817388958,3.006706108881368,0.5501255397316751
586.09,161728,0.5496870245463539,0.6117267754657709,0.40218216561416786,0.6475950356064246,0.9461167353186934,0.940975848871521,1.107040864974928,0.05581865932599192,1520.0,4043.2,0.03256055695480771,0.05860900251865387,0.11396194934182696,3.011851518319713,0.550455900265461
587.09,162006,0.5488018559104493,0.6106882324438726,0.40172258373116687,0.6479977360515514,0.9461243697909332,0.9409690674195399,1.1025503819753029,0.055809998955852244,1520.0,4050.15,0.03261611746417152,0.05870901143550873,0.1141564111246003,3.0169908654358655,0.5507981956438187
588.09,162279,0.5479354157274241,0.6096717943058652,0.4012717886045091,0.6483927372578232,0.9461318549979939,0.9409624186501384,1.0793186950659648,0.05580149696264755,1520.0,4056.975,0.03267172076967028,0.058809097385406496,0.11435102269384596,3.0221341711945007,0.5511339466691497
589.09,162513,0.5471949572431796,0.6088032508158459,0.400885803049403,0.648730950230534,0.9461382614901844,0.9409567281290159,1.055447627450623,0.05579421160134416,1520.0,4062.825,0.03272746529844072,0.0589094375371933,0.11454612854454252,3.0272905401057666,0.5514214276959539
590.1,162782,0.5463462492109535,0.6078078495490675,0.4004425518948544,0.6491193411655163,0.9461456155305853,0.940950196040054,1.0575827931282473,0.05578583889931226,1520.0,4069.55,0.032783275034692555,0.059009895062446596,0.11474146262142393,3.0324529407090615,0.5517515599906889
591.1,163035,0.5455504539408726,0.606874620091972,0.40002612061558035,0.649484231662142,0.946152521754859,0.9409440617982407,1.0782741141364998,0.055777966494668756,1520.0,4075.875,0.0328390060795678,0.05911021094322204,0.11493652127848729,3.0376080623600217,0.5520617169128207
592.1,163298,0.5447256918556542,0.6059075371737334,0.3995936970244886,0.6498631351373593,0.9461596902971265,0.9409376946453847,1.1075075784563602,0.05576978528279053,1520.0,4082.45,0.03289464381006029,0.05921035885810851,0.115131253335211,3.0427545524305764,0.5523837848667554
593.11,163568,0.5438816036686206,0.6049179155066043,0.3991502590637312,0.6502516897579572,0.9461670383722839,0.9409311681197942,1.0971412201026849,0.05576138881626855,1520.0,4089.2,0.03295033668147193,0.059310606026649476,0.11532617838515175,3.047906143036154,0.5527140562942636
594.11,163845,0.5430183831895433,0.60390599084818,0.39869584501580785,0.650649861979577,0.946174565129905,0.9409244829834529,1.0769449719972497,0.05575277729061782,1520.0,4096.125,0.03300596288839976,0.05941073319911956,0.11552087010939915,3.053051567176978,0.5530525026826405
595.11,164109,0.5421982561612886,0.6029447031829285,0.3982632471650732,0.6510289181467047,0.9461817275364575,0.9409181215459393,1.0591905589060582,0.05574457239115733,1520.0,4102.725,0.03306163064638774,0.059510935163497924,0.11571570726235707,3.0582008347908656,0.553374700424699
596.11,164382,0.541352807244628,0.6019538576637651,0.39781640382440153,0.651420456670842,0.9461891227482874,0.940911553428214,1.0547489335758202,0.05573609031868551,1520.0,4109.55,0.03311722502443525,0.05961100504398346,0.11591028758552338,3.063343314760261,0.5537075081702157
597.11,164664,0.5404822881920898,0.6009337605335419,0.3973553647443455,0.6518244339589524,0.9461967496606095,0.9409047796201652,1.058070156726463,0.05572733132733073,1520.0,4116.6,0.03317284019788107,0.05971111235618592,0.11610494069258372,3.0684877183039987,0.5540508888651096
598.11,164952,0.5395961718183651,0.59989552158126,0.39688507704705056,0.6522365151833073,0.9462045261998309,0.9408978730223987,1.0651552909259105,0.05571838881545776,1520.0,4123.8,0.03322846523920695,0.05981123743057251,0.11629962833722432,3.073633034626643,0.5544011579058112
599.12,165212,0.5387987315774693,0.5989612990588958,0.3964609977537674,0.6526081071160854,0.9462115357441769,0.9408916477049276,1.0899611517566672,0.055710318179120984,1520.0,4130.3,0.033284215807914734,0.059911588454246524,0.11649475532770157,3.078789962232113,0.5547170110486727
